Ecosystem/Croptype,Geolocation,2010 Quarter 1,2010 Quarter 2,2010 Semester 1,2010 Quarter 3,2010 Quarter 4,2010 Semester 2,2010 Annual,2011 Quarter 1,2011 Quarter 2,2011 Semester 1,2011 Quarter 3,2011 Quarter 4,2011 Semester 2,2011 Annual,2012 Quarter 1,2012 Quarter 2,2012 Semester 1,2012 Quarter 3,2012 Quarter 4,2012 Semester 2,2012 Annual,2013 Quarter 1,2013 Quarter 2,2013 Semester 1,2013 Quarter 3,2013 Quarter 4,2013 Semester 2,2013 Annual,2014 Quarter 1,2014 Quarter 2,2014 Semester 1,2014 Quarter 3,2014 Quarter 4,2014 Semester 2,2014 Annual,2015 Quarter 1,2015 Quarter 2,2015 Semester 1,2015 Quarter 3,2015 Quarter 4,2015 Semester 2,2015 Annual,2016 Quarter 1,2016 Quarter 2,2016 Semester 1,2016 Quarter 3,2016 Quarter 4,2016 Semester 2,2016 Annual,2017 Quarter 1,2017 Quarter 2,2017 Semester 1,2017 Quarter 3,2017 Quarter 4,2017 Semester 2,2017 Annual,2018 Quarter 1,2018 Quarter 2,2018 Semester 1,2018 Quarter 3,2018 Quarter 4,2018 Semester 2,2018 Annual,2019 Quarter 1,2019 Quarter 2,2019 Semester 1,2019 Quarter 3,2019 Quarter 4,2019 Semester 2,2019 Annual,2020 Quarter 1,2020 Quarter 2,2020 Semester 1,2020 Quarter 3,2020 Quarter 4,2020 Semester 2,2020 Annual,2021 Quarter 1,2021 Quarter 2,2021 Semester 1,2021 Quarter 3,2021 Quarter 4,2021 Semester 2,2021 Annual,2022 Quarter 1,2022 Quarter 2,2022 Semester 1,2022 Quarter 3,2022 Quarter 4,2022 Semester 2,2022 Annual,2023 Quarter 1,2023 Quarter 2,2023 Semester 1,2023 Quarter 3,2023 Quarter 4,2023 Semester 2,2023 Annual,2024 Quarter 1,2024 Quarter 2,2024 Semester 1,2024 Quarter 3,2024 Quarter 4,2024 Semester 2,2024 Annual
Palay,PHILIPPINES,3491640,3129151,6620791,2646110,6505418,9151528,15772319,4037331,3539878,7577209,3168478,5938375,9106853,16684062,3992198,3899738.17,7891936.17,3596801.08,6543788.22,10140589.3,18032525.47,4169943,3827689.01,7997632.01,3362655.72,7079132,10441787.72,18439419.73,4306890.95,4073011,8379901.95,3027058.87,7560865.35,10587924.22,18967826.17,4367715.4,3955836.55,8323551.95,2551545.83,7274740,9826285.83,18149837.78,3932292.4,3714589.18,7646881.58,2968770,7011593.24,9980363.24,17627244.82,4419267,4149917.48,8569184.48,3389508.95,7317653.2,10707162.15,19276346.63,4622978.84,4090237.42,8713216.26,3196416.68,7156461,10352877.68,19066093.94,4416850.21,3852526.47,8269376.68,3051471.16,7493979.44,10545450.61,18814827.28,4261442.7,4125233.41,8386676.1,3516346.2,7391833.21,10908179.41,19294855.51,4626919.51,4172939.91,8799859.4,3752734.25,7407576.55,11160310.81,19960170.19,4541255.27,4202415.14,8743670.43,3789721.42,7223121.56,11012842.98,19756513.4,4778787.84,4247396.64,9026184.48,3797857.26,7235520.22,11033377.48,20059561.96,4685040.07,3845323.06,8530363.13,3329178.55,7227593.75,10556772.3,19087135.43
Palay,..CORDILLERA ADMINISTRATIVE REGION (CAR),50411,109025,159436,71171,169808,240979,400415,54736,130348,185084,69751,174114,243865,428949,56655,130518,187173,74396,191892,266288,453461,56269,136818,193087,71136,195947,267083,460170,58842,139185,198027,66482,188100,254582,452609,58934,139200,198134,64111,138666,202777,400911,54002,137295,191297,59577,131974,191551,382848,59840,152099,211939,58958,174109,233067,445006,59419,144121,203540,54192.68,133371.92,187564.6,391104.6,57743,129869.14,187612.14,63033.94,167674.5,230708.44,418320.58,30896.33,112766.04,143662.37,95155.26,137655.85,232811.11,376473.48,35114.42,112914.91,148029.33,67439.65,161664.37,229104.02,377133.35,28860.12,109106.01,137966.14,58272.38,141828.93,200101.31,338067.45,28684.02,112794.6,141478.62,48304.25,141686.79,189991.04,331469.66,25874.47,95750.87,121625.34,50016.58,127758.2,177774.78,299400.11
Palay,..REGION I (ILOCOS REGION),263338,100542,363880,122003,1072490,1194493,1558373,280553,112919,393472,110407,1098935,1209342,1602814,313643,125673,439316,144000,1154379,1298379,1737695,306495,124165,430660,127469,1191928,1319397,1750057,316250,142898,459148,127391,1209690,1337081,1796229,327805,140993,468798,98963,1209360,1308323,1777121,317496,140174,457670,152133,1195323,1347456,1805126,332789,159542,492331,169825,1209896,1379721,1872052,329229,160879,490108,152465,1077470.52,1229935.52,1720043.52,330050,158805,488855,186265,1176145.37,1362410.37,1851265.37,331420.85,163467,494887.85,189016,1218758,1407774,1902661.85,322359,186987.6,509346.6,177163,1215833,1392996,1902342.6,326411,182757.27,509168.27,192201.6,1264002.5,1456204.1,1965372.36,323001,180496.89,503497.89,187607.8,1299180.99,1486788.79,1990286.68,316023.74,176071,492094.74,192871.5,1282168.22,1475039.72,1967134.45
Palay,..REGION II (CAGAYAN VALLEY),369221,561778,930999,222781,591942,814723,1745722,629386,594436,1223822,260117,660827,920944,2144766,463414,799032.17,1262446.17,491803.08,671287.22,1163090.3,2425536.47,719343,545959.61,1265302.61,330604.72,827293,1157897.72,2423200.33,610754.95,686212,1296966.95,355766.87,862200.35,1217967.22,2514934.17,647864.9,738604.55,1386469.45,204304.83,898873,1103177.83,2489647.28,580077,793667.8,1373744.8,256680,702229.24,958909.24,2332654.04,594732,889086.36,1483818.36,302424.95,870735.2,1173160.15,2656978.51,725223.04,754205.42,1479428.46,176335.58,724007.38,900342.96,2379771.42,620624.47,743720.38,1364344.85,329044.15,951313.34,1280357.49,2644702.34,594650.96,810645,1405295.96,336782.25,903698.57,1240480.82,2645776.78,630692.56,956501.24,1587193.8,390903.64,931853.04,1322756.68,2909950.48,616317.18,945212.86,1561530.04,426860.31,939775.35,1366635.66,2928165.7,657635.99,945334.49,1602970.48,476343.22,946773.92,1423117.14,3026087.62,754832.52,771958.21,1526790.73,452685.61,943240.21,1395925.82,2922716.55
Palay,..REGION III (CENTRAL LUZON),594280,870165,1464445,198345,1295625,1493970,2958415,572958,903162,1476120,171334,968629,1139963,2616083,628879,945159,1574038,211306,1435263,1646569,3220607,669376,1021668,1691044,284495,1433929,1718424,3409468,711732,1142427,1854159,203749,1707242,1910991,3765150,731122,1148675,1879797,154514,1269999,1424513,3304310,641215,1162547.12,1803762.12,206612,1332509,1539121,3342883.12,674222,1119454,1793676,287696,1553435,1841131,3634807,679557,1128907,1808464,274843.11,1531808.01,1806651.12,3615115.12,729873.17,1128372.64,1858245.81,346714.33,1525220.19,1871934.52,3730180.33,663357.67,1102721.33,1766079,352101.91,1516966.68,1869068.59,3635147.59,699043.5,1041690.87,1740734.37,400980.15,1599496.01,2000476.16,3741210.53,772855.28,1134887.14,1907742.42,333192.57,1375777.4,1708969.97,3616712.4,867083.86,1092152.05,1959235.91,390766.27,1288429.09,1679195.37,3638431.28,775643.67,1064031.62,1839675.29,368957,1273852.11,1642809.11,3482484.4
Palay,..REGION IV-A (CALABARZON),77913,88426,166339,39927,183923,223850,390189,92288,116209,208497,55947,134749,190696,399193,101543,119454,220997,46203,122072,168275,389272,98629,119462,218091,44609,149085,193694,411785,82904,111555,194459,38236,172887,211123,405582,86875,126660,213535,37174,142198,179372,392907,89973,128232,218205,51787,137132,188919,407124,83990,125567,209557,54552,146724,201276,410833,97376,134798,232174,34659.04,153400.43,188059.47,420233.47,83942.25,124856.75,208799,31837.13,140145.82,171982.96,380781.96,81609.68,135248.4,216858.08,40418.01,129643.84,170061.85,386919.93,92493.25,135273.01,227766.26,39393.62,142755.2,182148.82,409915.07,99252,138065.16,237317.16,36899.55,121681.98,158581.53,395898.69,93235.65,159081.59,252317.24,36692.41,144389.77,181082.18,433399.42,75531.36,128700.1,204231.45,27888.51,78939.09,106827.6,311059.06
Palay,..MIMAROPA REGION,190448,115559,306007,58584,492941,551525,857532,209430,181869,391299,150425,439945,590370,981669,211461,208267,419728,145335,465543,610878,1030606,206999,197460,404459,146301,483182,629483,1033942,232516,198579,431095,103782,547001,650783,1081878,297898,144693,442591,83507,555735,639242,1081833,229685,136815,366500,100974,612934,713908,1080408,289031,178981,468012,142627,549191,691818,1159830,314025,176205,490230,125333,615425.37,740758.37,1230988.37,311009.5,125650.14,436659.64,99191.36,659346,758537.36,1195197,270179.76,213044.06,483223.82,119240,580685.5,699925.5,1183149.32,276280,224070,500350,132816.56,592116.65,724933.21,1225283.21,271980.48,219370.34,491350.82,139350.77,601232.1,740582.87,1231933.69,271256.34,210778.78,482035.12,144605.06,583743.88,728348.94,1210384.05,247255.42,193796.89,441052.31,130998.59,585814.81,716813.4,1157865.71
Palay,..REGION V (BICOL REGION),248345,236809,485154,190152,405772,595924,1081078,251362,298955,550317,223594,297006,520600,1070917,285809,303730,589539,257777,325991,583768,1173307,275254,350030.4,625284.4,227881,390076,617957,1243241.4,297362,347153,644515,180296,433336,613632,1258147,284034,343349,627383,205232,431833,637065,1264448,289543,351719,641262,210552,423678,634230,1275492,285368,369454,654822,204394,475861,680255,1335077,290700,377398,668098,202814.2,479526.12,682340.32,1350438.32,245887.32,324499.16,570386.48,197932.02,424585.46,622517.48,1192903.96,254856.61,376815.17,631671.78,224296.66,439022.68,663319.34,1294991.12,275074.57,381885.95,656960.51,225141.59,464850.34,689991.93,1346952.44,284747.95,362570.54,647318.49,221624.77,460061.15,681685.92,1329004.4,278041.34,358400.8,636442.14,219325.43,446881.41,666206.84,1302648.98,283928.57,332801.55,616730.12,204291.16,381058.07,585349.23,1202079.35
Palay,..REGION VI (WESTERN VISAYAS),422074,72081,494155,558214,737324,1295538,1789693,642749,164576,807325,899424,538289,1437713,2245038,588924,128259,717183,916295,658723,1575018,2292201,498038,115978,614016,822313,654461,1476774,2090790,561059,111040,672099,615661,764814,1380475,2052574,546017,91196,637213,570413,849198,1419611,2056824,446539,69889,516428,609115,770687,1379802,1896230,632113,111846.72,743959.72,789163,697714,1486877,2230836.72,602863,133508,736371,781998.95,713922.8,1495921.75,2232292.75,588013.6,84138.93,672152.53,549923.74,855713.76,1405637.5,2077790.03,632635.85,121196.39,753832.24,744726.79,797020.72,1541747.51,2295579.75,659378,159222.28,818600.28,813344.82,724957.34,1538302.16,2356902.44,646288.48,134618.76,780907.24,851490.14,689196.34,1540686.48,2321593.72,667020.89,129475.94,796496.83,726642,740019.5,1466661.5,2263158.33,579108.91,52747.18,631856.09,215299.36,616341.07,831640.43,1463496.52
Palay,..REGION VII (CENTRAL VISAYAS),83990,34145,118135,16146,136168,152314,270449,85250,50322,135572,23782,163508,187290,322862,90805,53340,144145,22822,160153,182975,327120,99050,57279,156329,21115,170253,191368,347697,93371,57074,150445,20294,168083,188377,338822,93131,52088,145219,17177,173798,190975,336194,75462,25302,100764,13876,117342,131218,231982,93482,55898,149380,16905,158924,175829,325209,100311,57660,157971,16294,135194,151488,309459,78013,39324,117337,13025,92724.5,105749.5,223086.5,64872,38294.78,103166.78,16008,141349,157357,260523.78,92733,49039,141772,21731,125999,147730,289502,66712.42,31842.83,98555.25,24743.11,119096.21,143839.32,242394.57,81121.79,57111.26,138233.05,28044.93,126795.4,154840.33,293073.38,77611.88,38057,115668.88,6502.36,122577.22,129079.58,244748.46
Palay,..REGION VIII (EASTERN VISAYAS),253772,262684,516456,151701,295988,447689,964145,244317,268255,512572,166359,305086,471445,984017,250902,263886,514788,169841,310343,480184,994972,232144,299584,531728,166150,291916,458066,989794,219360,303753,523113,167998,291485,459483,982596,226731,301516,528247,117726,309736,427462,955709,285519,260177.36,545696.36,120680,288468,409148,954844.36,285616,239600,525216,126930,293419,420349,945565,279728,258486,538214,117792,290870.96,408662.96,946876.96,294401.96,232610.29,527012.25,104851.39,268381.91,373233.3,900245.55,252869.36,291502.52,544371.88,110541.09,272182.28,382723.37,927095.25,269853.02,184348.22,454201.23,165482.22,244689.68,410171.9,864373.13,261867.91,157409.81,419277.72,162073.97,258992.96,421066.93,840344.65,259702.91,171154.43,430857.34,163060.97,250454.15,413515.12,844372.47,261675.59,156104.83,417780.41,168820.11,241334.57,410154.68,827935.09
Palay,..REGION IX (ZAMBOANGA PENINSULA),128228,61587,189815,167105,195725,362830,552645,164733,87539,252272,221552,148379,369931,622203,184553,76667,261220,219035,138576,357611,618831,190697,76571,267268,219827,152018,371845,639113,205315,68223,273538,205330,177909,383239,656777,194702,65661,260363,159011,242401,401412,661775,145887,56052.9,201939.9,181232,197939,379171,581110.9,214632,81747,296379,209613,194598,404211,700590,217703,78401,296104,195755.95,236813.48,432569.43,728673.43,194913.95,82548.71,277462.66,193589,206385.12,399974.12,677436.78,162934.44,88184.35,251118.79,199925.51,194362.74,394288.25,645407.04,201302.55,83550.62,284853.17,198645.59,183856.09,382501.68,667354.85,171537.48,81449.41,252986.9,208184.45,190525.19,398709.64,651696.54,208277.07,100641.56,308918.63,222407.92,172537.76,394945.68,703864.31,188796.94,98110.93,286907.86,210915.14,184421.8,395336.94,682244.8
Palay,..REGION X (NORTHERN MINDANAO),116173,116088,232261,139115,215066,354181,586442,144591,121844,266435,144805,199750,344555,610990,143088,135536,278624,151278,207446,358724,637348,143179,141508,284687,180480,209736,390216,674903,175809,139538,315347,190930,207487,398417,713764,180694,124068,304762,186082,234276,420358,725120,170185,99644,269829,215201,226254,441455,711284,185682,136331.4,322013.4,200698,223022,423720,745733.4,185982,131465,317447,204313.81,239639.51,443953.32,761400.32,183502.25,132247.27,315749.52,204873.97,240515.1,445389.07,761138.59,173067.75,146185.41,319253.16,243948.5,218623.32,462571.82,781824.98,195506.8,139719.83,335226.63,242013,216400.68,458413.68,793640.31,188240.51,146551.7,334792.21,254495.19,225451.17,479946.36,814738.58,191210.7,147711.34,338922.04,255468.02,229851.35,485319.37,824241.41,182457.2,138296.46,320753.66,234284.34,259043.24,493327.58,814081.24
Palay,..REGION XI (DAVAO REGION),114932,85396,200328,105935,96548,202483,402811,123517,74317,197834,127866,90843,218709,416543,135282,78721,214003,172657,62043,234700,448703,120229,80480,200709,155694,65289,220983,421692,141049,82781,223830,137520,90917,228437,452267,131814,84000,215814,119030,107024,226054,441868,121375,64346,185721,117907,114320,232227,417948,122458,74890,197348,132795,103522,236317,433665,146468,85667,232135,150425.63,105544.05,255969.68,488104.68,134241.07,83410.04,217651.11,117441.47,115276.02,232717.49,450368.6,129152.81,90970.46,220123.26,127280.89,119359.54,246640.43,466763.69,131310.68,91823.8,223134.48,134802.21,126787.88,261590.1,484724.58,137710.63,87388.98,225099.61,142804.82,122349.72,265154.54,490254.15,147256.13,92282.95,239539.08,140064.73,123140.78,263205.51,502744.59,132661.15,96123.04,228784.19,155189.23,124434.48,279623.71,508407.9
Palay,..REGION XII (SOCCSKSARGEN),330595,97434,428029,383634,373533,757167,1185196,382515,120391,502906,386654,354588,741242,1244148,383494,143082,526576,381946,362379,744325,1270901,402514,132954,535468,399844,412334,812178,1347646,399120,144341,543461,444034,377354,821388,1364849,406442,87139,493581,392937,405126,798063,1291644,345452,23502,368954,425089,406599,831688,1200642,378159,127718,505877,462805,350823,813628,1319505,409106,108736,517842,456096.7,369186,825282.7,1343124.7,368471.31,89125,457596.31,346683,383000,729683,1187279.31,395282.83,87128.21,482411.04,407446.16,374259.5,781705.66,1264116.7,410413.24,78230.97,488644.21,460703.02,328840.87,789543.89,1278188.1,378503.98,91484.88,469988.86,430296.6,343992.43,774289.03,1244277.89,397208,94441.98,491649.98,407551.97,357203.95,764755.92,1256405.9,386366.03,60311.98,446678.01,410651.53,355395.6,766047.13,1212725.14
Palay,..REGION XIII (CARAGA),33386,190031,223417,35488,146966,182454,405871,21393,181723,203116,29029,184852,213881,416997,18006,254895,272901,27285,169019,196304,469205,15122,304717,319839,35426,228573,263999,583838,14778,315487,330265,32149,212085,244234,574499,13905.5,293074,306979.5,23666,150666,174332,481311.5,17937,228512,246449,27574,188159,215733,462182,19915,252316,272231,37739,172705,210444,482675,21658.8,277219,298877.8,34808.83,176384.09,211192.92,510070.72,25775.86,271230.48,297006.34,27342.3,125021.2,152363.5,449369.83,26668.68,260120.6,286789.28,61393.84,155147.76,216541.6,503330.88,25352.67,257059.83,282412.5,28589.5,156741.5,185331,467743.5,27283.29,261220.44,288503.73,50678.18,180999.12,231677.3,520181.03,42478,261567,304045,53647.67,185738.35,239386.02,543431.02,47283.9,275122,322405.9,56397.11,195289.71,251686.82,574092.72
Palay,..BANGSAMORO AUTONOMOUS REGION IN MUSLIM MINDANAO (BARMM),214534,127401,341935,185809,95599,281408,623343,137553,133013,270566,127432,178875,306307,576873,135740,133519,269259,164822,108679,273501,542760,136605,123055,259660,129311,223112,352423,612083,186669,82765,269434,137440,150275,287715,557149,139746,74920,214666,117698,155851,273549,488215,121945.4,36714,158659.4,219781,166046,385827,544486.4,167238,75387,242625,192384,142975,335359,577984,163630,82582,246212,218288.2,173896.36,392184.56,638396.56,170387.5,102118.54,272506.04,239723.36,162531.15,402254.51,674760.55,196987.12,86943.69,283930.81,248065.33,193097.23,441162.56,725093.37,310012.25,90621.78,400634.03,253584.68,190734.9,444319.58,844953.6,262686.56,118479,381165.56,256553.01,188159,444712.01,825877.58,265574.15,133970.98,399545.13,297324.61,198693.14,496017.74,895562.87,267474.87,126336.37,393811.23,304049.64,219106.3,523155.94,916967.17
Corn,PHILIPPINES,1602262,812901,2415163,2318458,1643175,3961633,6376796,1914675,1394764,3309439,2179446,1482336,3661782,6971221,2017630.18,1451348.13,3468978.31,2431440.1,1506649.94,3938090.04,7407068.35,2248311.21,1075214.27,3323525.48,2600615.82,1453152,4053767.82,7377293.3,2278186.46,1201557.54,3479744,2448626.94,1842231.8,4290858.74,7770602.74,2368531.73,1012241.4,3380773.13,2406989.24,1730993.35,4137982.59,7518755.72,1916944.77,910998.6,2827943.37,2662444.43,1728428.75,4390873.18,7218816.55,2366293.5,1329816.65,3696110.15,2589455.49,1629342.85,4218798.34,7914908.49,2476573,1284296.15,3760869.15,2205420.18,1805629.3,4011049.48,7771918.63,2425220.91,1172190.71,3597411.61,2723108.68,1658324.27,4381432.94,7978844.55,2296040.91,1352562.91,3648603.84,2817374.88,1652567.18,4469942.07,8118545.9,2446331.6,1422875.01,3869206.61,2292133.81,2125850.72,4417984.54,8287191.14,2441390.96,1484641.06,3926032.03,2349526.23,1980051.44,4329577.67,8255609.7,2519216.82,1473476.69,3992693.51,2466968.31,1945342.47,4412310.78,8405004.29,2532632.88,1174034.12,3706667,2498529.87,1932981.05,4431510.93,8138177.93
Corn,..CORDILLERA ADMINISTRATIVE REGION (CAR),47017,10526,57543,92471,22181,114652,172195,79118,26669,105787,89355,23646,113001,218788,82063,26615,108678,90320,26137,116457,225135,79182,31116,110298,97986,33790,131776,242074,88883,28621,117504,99156,27916,127072,244576,93172,32136,125308,86918,25597,112515,237823,68719,22611,91330,86486,21539,108025,199355,73185,41172,114357,97849,30644,128493,242850,64900,47181,112081,47530,47828.2,95358.2,207439.2,59408.5,36269.48,95677.98,68158.85,68513.75,136672.6,232350.58,65704.29,44359.84,110064.13,65258.93,69227.41,134486.34,244550.47,41982.28,45345.15,87327.43,47470.9,81268.14,128739.04,216066.47,40497.49,51189.68,91687.17,47241.49,51862.19,99103.68,190790.85,41890.18,44922.59,86812.77,38201.78,46756.99,84958.77,171771.54,36435.03,29776.98,66212.01,52111.63,43373.38,95485.01,161697.02
Corn,..REGION I (ILOCOS REGION),243467,100950,344417,8039,5989,14028,358445,156708,217654,374362,7621,5899,13520,387882,290980,129148,420128,8112,6480,14592,434720,329707,101752,431459,8720,7324,16044,447503,303388,156960.79,460348.79,8571,7821,16392,476740.79,312396,161575,473971,9432,7540,16972,490943,315992,173493,489485,11003,7536,18539,508024,380415,156942,537357,10858,8247,19105,556462,385287,158937,544224,8737,7924,16661,560885,403957,154200,558157,8983,7712,16695,574852,376542,168176,544718,9203,9467,18670,563388,377675.99,174297,551972.99,8919.16,10367,19286.16,571259.15,394071.09,170239.73,564310.82,8581,12863.82,21444.82,585755.64,387213.06,188966.6,576179.66,7129.14,11097.99,18227.13,594406.8,371660.85,190540.5,562201.35,8422.39,11114.63,19537.02,581738.37
Corn,..REGION II (CAGAYAN VALLEY),326177,71240,397417,620946,245251,866197,1263614,511705,367626,879331,621278,101078,722356,1601687,474647,464832.93,939479.93,751431.1,184711.94,936143.04,1875622.97,747257.21,172675.27,919932.48,730275.82,63683,793958.82,1713891.3,660188.46,263602.75,923791.21,572357.98,360565.8,932923.78,1856714.99,728894.73,237599.78,966494.51,604103.24,230596.35,834699.59,1801194.1,579901.05,315305.54,895206.59,582617.43,200988.75,783606.18,1678812.77,559868.5,377971.5,937840,702905.49,196734.85,899640.34,1837480.34,621714,334246.15,955960.15,309420.84,359944.37,669365.21,1625325.36,599839.86,310665.44,910505.3,748186.47,208226.57,956413.04,1866918.34,485288.8,449425.69,934714.49,725092.34,202048.8,927141.14,1861855.63,565579.5,436968.93,1002548.43,344541.04,544080.23,888621.27,1891169.7,579387.64,469847.51,1049235.15,478776.45,432096.82,910873.27,1960108.42,624588.17,434022.78,1058610.95,547640.02,356758.2,904398.22,1963009.17,720309.58,263612.1,983921.68,654585.63,317648.36,972233.99,1956155.67
Corn,..REGION III (CENTRAL LUZON),86598,87795,174393,16103,7394,23497,197890,71266,100955,172221,12211,4062,16273,188494,79722,106711,186433,15755,8386,24141,210574,99925,103278,203203,16527,8035,24562,227765,105538,109795,215333,17837,7700,25537,240870,131273,112712,243985,23716,3618,27334,271319,111607,120806.28,232413.28,21470,5663,27133,259546.28,112240,119195,231435,22270,5041,27311,258746,124654,122317,246971,20122,4851.5,24973.5,271944.5,129847.85,117856.82,247704.67,30399.42,6610.45,37009.87,284714.54,141503.04,106744.72,248247.76,18421.8,7605.26,26027.06,274274.82,149876.45,125148.97,275025.42,26181.96,8646.64,34828.6,309854.02,145917.97,120674.91,266592.88,30959.05,8469.03,39428.08,306020.96,139330.75,121520.55,260851.3,16429.28,8088.9,24518.18,285369.48,119026.25,108185.6,227211.85,14953,8142.35,23095.35,250307.2
Corn,..REGION IV-A (CALABARZON),7080,2240,9320,28348,22541,50889,60209,12097,6112,18209,22351,16997,39348,57557,10456,6316,16772,24337,17548,41885,58657,12784,4974,17758,30660,26747,57407,75165,16270,5177,21447,18757.96,34124,52881.96,74328.96,18073,7714,25787,12436,26600,39036,64823,20987,8188,29175,35452,32194,67646,96821,20499,10295.15,30794.15,30443,31525,61968,92762.15,23851,9082,32933,22356.37,36128.69,58485.06,91418.06,19337.13,5654.09,24991.22,22428.36,22367.1,44795.45,69786.67,16955.9,9545.32,26501.23,28018.53,21241.35,49259.88,75761.11,16447.29,10519.31,26966.6,22843.28,17335.35,40178.63,67145.22,18641.78,7055.15,25696.93,19497.24,15658.27,35155.51,60852.44,15484.48,7333.84,22818.32,13653.12,18495.08,32148.2,54966.52,15236.82,5457.86,20694.68,11525.12,11738.05,23263.18,43957.86
Corn,..MIMAROPA REGION,15398,27235,42633,18283,6796,25079,67712,19256,34055,53311,22994,7868,30862,84173,20548,36794.2,57342.2,23075,6806,29881,87223.2,35090,37642,72732,24226,7720,31946,104678,37043,36509,73552,22561,11610,34171,107723,54907,36248,91155,24276,10061,34337,125492,52216,22806,75022,25101,14481,39582,114604,48447,34007,82454,23620,15024,38644,121098,57109,39726,96835,20702,12609.41,33311.41,130146.41,47951.8,33802,81753.8,12532,12654,25186,106939.8,47224.9,37200.56,84425.46,24098.38,12677.31,36775.69,121201.15,46956.23,34744,81700.23,21931.24,11666,33597.24,115297.47,48545.94,35983.46,84529.4,29490.97,12929.85,42420.82,126950.22,59174.93,32128.99,91303.92,22716.55,11305.08,34021.63,125325.54,42855.63,29830.87,72686.5,22903.28,10418.49,33321.77,106008.27
Corn,..REGION V (BICOL REGION),37330,42304,79634,38241,56604,94845,174479,33845,83600,117445,70443,27137,97580,215025,53239,69745,122984,72711,34850,107561,230545,51043,88309,139352,79158,39605,118763,258115,62920,92137,155057,81417,49173,130590,285647,58125,70519,128644,65966,49298,115264,243908,55225,77758,132983,79255,47137,126392,259375,63114,89897,153011,85880,48114,133994,287005,63847,86428,150275,75824,53632.94,129456.94,279731.94,51174.16,64641.23,115815.39,78982.88,53444.35,132427.23,248242.62,52028.27,91493.17,143521.44,89168.13,49311,138479.13,282000.57,58562.2,93325.74,151887.94,85873.06,54987.28,140860.34,292748.28,58226.69,92271.04,150497.73,84248.41,53673.58,137921.99,288419.72,57681.45,86943.7,144625.15,78253.93,51975.61,130229.54,274854.69,55725.57,74657.77,130383.34,71852.96,47843.72,119696.68,250080.02
Corn,..REGION VI (WESTERN VISAYAS),60475,18998,79473,89616,78908,168524,247997,108090,37896,145986,122021,41908,163929,309915,111277,39583,150860,134625,45297,179922,330782,101642,35240,136882,160138,48507,208645,345527,91882,42284,134166,161892,72346,234238,368404,99598,37737,137335,143713,69343,213056,350391,69932,18967.45,88899.45,118699,76073,194772,283671.45,89704,33002,122706,125026,53554,178580,301286,84984,33410,118394,141564.12,50880.69,192444.81,310838.81,93112.2,32604.54,125716.74,125171.89,63086.32,188258.21,313974.95,86852.58,34214.38,121066.96,138351.93,60960.97,199312.9,320379.86,96691.21,35942.42,132633.63,157868.24,60931.8,218800.04,351433.67,112932.9,31169.32,144102.22,138390,61968.42,200358.42,344460.64,109876.2,34639.58,144515.78,129176.48,55456.49,184632.97,329148.75,74458.5,18168.52,92627.02,67729.34,19982.62,87711.96,180338.98
Corn,..REGION VII (CENTRAL VISAYAS),23489,2791,26280,105035,47098,152133,178413,27719,6175,33894,101636,41767,143403,177297,27008,6633,33641,97045,41452,138497,172138,22873,5956,28829,107030,37366,144396,173225,21152,5621,26773,94396,43028,137424,164197,23232,4277,27509,81810,40732,122542,150051,17757,2087,19844,93207,43678,136885,156729,21090,6356,27446,79846,39178,119024,146470,22151,6165,28316,68125,31161,99286,127602,21174,3566,24740,54130.25,26714,80844.25,105584.25,16113.25,5095.08,21208.33,77951,28436,106387,127595.33,17471,4916,22387,63131,21796,84927,107314,11891,5257.81,17148.81,54430.2,25577.36,80007.56,97156.37,14032.68,4581.75,18614.43,74232.89,26707.99,100940.88,119555.31,7364,1057,8421,29968,13335.75,43303.75,51724.75
Corn,..REGION VIII (EASTERN VISAYAS),11755,34060,45815,20556,23844,44400,90215,10269,29463,39732,20075,24185,44260,83992,10656.18,30157,40813.18,21143,25377,46520,87333.18,11599,32562,44161,20858,24308,45166,89327,10850,31018,41868,21046,25248,46294,88162,11251,33235,44486,20108,26551,46659,91145,12503,24066,36569,20150,24884,45034,81603,11649,21849,33498,18671,21312,39983,73481,10528,21905,32433,19866.05,21898.21,41764.26,74197.26,11052.28,21232.4,32284.68,19023.1,22912.62,41935.72,74220.4,10034.19,21260.92,31295.11,19915.58,21912.14,41827.72,73122.83,8374.74,18179.64,26554.38,18727.5,17926.69,36654.19,63208.57,9164.43,17713.61,26878.04,16211.56,15771.59,31983.15,58861.19,9086.93,17599.58,26686.51,17199.38,15432.45,32631.83,59318.34,10642.93,15624.14,26267.07,17187.31,15253.51,32440.82,58707.88
Corn,..REGION IX (ZAMBOANGA PENINSULA),29998,5728,35726,96004,63619,159623,195349,42969,19743,62712,76010,61369,137379,200091,52572,13829,66401,83484,61446,144930,211331,46859,11571,58430,83996,65361,149357,207787,36224,12289,48513,103453,71376,174829,223342,38104,9896,48000,96269,75911,172180,220180,42114,10719.24,52833.24,124675,81443,206118,258951.24,40275,20230,60505,107574,66376,173950,234455,57359,19110,76469,124321.27,58119.6,182440.87,258909.87,36941.95,15533.13,52475.08,97179.32,34982.31,132161.63,184636.71,31887.03,17719.84,49606.87,86424.65,32823.29,119247.94,168854.81,40798.71,15311.29,56110,93792.46,45669.22,139461.69,195571.69,50151.59,20065.08,70216.67,72225.65,38190.43,110416.09,180632.76,54989.02,18125.42,73114.44,76176.8,38150.07,114326.88,187441.32,51997.57,14148.29,66145.87,79145.14,44932.11,124077.25,190223.12
Corn,..REGION X (NORTHERN MINDANAO),273465,49854,323319,448340,381580,829920,1153239,334435,78894,413329,423596,375283,798879,1212208,329332,71229,400561,448855,379338,828193,1228754,252666,71357,324023,508581,352432,861013,1185036,292247,67359,359606,472603,364333,836936,1196542,307848,42745.62,350593.62,464138,401570,865708,1216301.62,249121,21220.09,270341.09,498991,453784,952775,1223116.09,316675,66163,382838,438441,466024,904465,1287303,317762,68283,386045,448378.66,455114.34,903493,1289538,303332.3,69696.5,373028.8,484921.84,454975.16,939897,1312925.8,320775.87,67429.82,388205.69,516174,433785.52,949959.52,1338165.21,316593.55,87081.62,403675.17,510396.8,540958.48,1051355.28,1455030.45,298626.56,105235.2,403861.76,514475.69,558864.44,1073340.13,1477201.89,315415.49,101987.63,417403.12,537127.16,566358.7,1103485.86,1520888.98,331598.63,92830.87,424429.5,529399.02,582547.88,1111946.9,1536376.4
Corn,..REGION XI (DAVAO REGION),35501,31702,67203,67573,67578,135151,202354,27153,40886,68039,57192,65982,123174,191213,32509,43115,75624,69520,53483,123003,198627,26308,46136,72444,75596,78973,154569,227013,41611,57961,99572,86273,94448,180721,280293,44851,27712,72563,73427,78110,151537,224100,42125,23907,66032,80018,73039,153057,219089,53305,36819,90124,93942,72669,166611,256735,55941,49720,105661,96994.97,72018.74,169013.71,274674.71,50099.21,43999.62,94098.83,71834.34,78877.19,150711.53,244810.36,57300.42,44625.16,101925.59,79213.48,80784.08,159997.57,261923.15,58169.34,54817.71,112987.05,72052.68,81854.31,153906.99,266894.04,66751.43,57733.84,124485.27,72733.01,77170.48,149903.49,274388.76,69183.38,59538.34,128721.71,75826.48,86311.85,162138.33,290860.04,66180.09,59433.24,125613.33,71006.17,92406.56,163412.73,289026.06
Corn,..REGION XII (SOCCSKSARGEN),203117,121639,324756,384722,354970,739692,1064448,252423,190493,442916,350772,376866,727638,1170554,257565,196171,453736,365145,382450,747595,1201331,279042,195356,474398,415930,415279,831209,1305607,305289,179964,485253,447356,405456,852812,1338065,254707,76312,331019,483623,424633,908256,1239275,204637,15879,220516,521787,401707,923494,1144010,255622,163455,419077,461051,377049,838100,1257177,264931,134575,399506,460918,370650,831568,1231074,222093.29,89087,311180.29,438143,358864,797007,1108187.29,251633,77746.98,329379.98,436780.49,342811.98,779592.47,1108972.45,281378.99,96341.34,377720.33,380966.98,346551.54,727518.52,1105238.85,236718.99,103809,340527.99,367796.62,343885.9,711682.52,1052210.51,250868.99,101836.72,352705.71,365690.34,343496.08,709186.42,1061892.13,217581,58376.97,275957.97,368087.97,358472.08,726560.05,1002518.02
Corn,..REGION XIII (CARAGA),460,27406,27866,19873,46832,66705,94571,317,2448,2765,35840,37079,72919,75684,438,13286,13724,30378,45419,75797,89521,523,13877,14400,44613,48463,93076,107476,165,25371,25536,46511,53359,99870,125406,832,25538,26370,34288,58116,92404,118774,1517.86,38268,39785.86,35803,68940,104743,144528.86,1079,4932,6011,49636,64333,113969,119980,2144,31560,33704,29240.9,72681.65,101922.55,135626.55,5329.39,36672.94,42002.33,28531.96,65192.92,93724.88,135727.21,8035.63,38370.06,46405.69,46510.68,64722.74,111233.42,157639.11,4731.14,17461.56,22192.7,51500.62,67955.52,119456.14,141648.84,5743.01,12198.34,17941.36,28661.1,62909.26,91570.36,109511.72,6726.4,15495.98,22222.38,47968.2,64280.7,112248.9,134471.28,6665,13765,20430,49967.2,68217.2,118184.4,138614.4
Corn,..BANGSAMORO AUTONOMOUS REGION IN MUSLIM MINDANAO (BARMM),200935,178433,379368,264308,211990,476298,855666,227305,152095,379400,146051,271210,417261,796661,184618,197183,381801,195504,187469,382973,764774,151811,123413,275224,196321,195559,391880,667104,204536,86888,291424,194439,213728,408167,699591,191268,96285,287553,182766,202717,385483,673036,72590.86,14917,87507.86,327730,175342,503072,590579.86,319126,147531,466657,241443,133518,374961,841618,319411,121651,441062,311319,150185.96,461504.96,902566.96,370569.99,136709.52,507279.5,434502,173191.53,607693.53,1114973.03,328161.74,139155.37,467317.11,456791.96,214752.33,671544.29,1138861.4,365042.98,172474.33,537517.31,385936.89,213856.52,599793.41,1137310.72,364122.45,184197.38,548319.83,385807.79,208160,593967.79,1142287.62,363674.71,203832.64,567507.35,419546.75,244670.29,664217.04,1231724.39,370846.63,189669.3,560515.93,420053.63,247558.28,667611.91,1228127.83
"Cassava, fresh tubers",PHILIPPINES,434324.12,623989.85,1058313.97,430511.8,612628.4,1043140.19,2101454.16,452833.28,658835.69,1111668.97,454601,643414.07,1098015.07,2209684.03,440674.73,677413.89,1118088.62,463533.14,641559.8,1105092.94,2223181.56,444660.25,704438.77,1149099.02,523661.24,688800.53,1212461.77,2361560.79,495759.6,769137.11,1264896.71,558038.56,717318.78,1275357.33,2540254.04,541389.79,811261.59,1352651.38,599385.56,762308.93,1361694.5,2714345.88,581045.96,789831.01,1370876.97,608069.56,776199.76,1384269.32,2755146.29,590665.15,817085.39,1407750.54,619831.81,779085.45,1398917.27,2806667.8,544753.24,809880.09,1354633.33,600095.4,768303.86,1368399.27,2723032.59,514227.73,751461.25,1265688.98,591959.06,773152.24,1365111.3,2630800.28,515455.56,722791.33,1238246.89,590931.76,778579.97,1369511.74,2607758.63,477676.62,692600.41,1170277.03,589432.59,800102.28,1389534.87,2559811.9,465248.48,698627.96,1163876.44,591059.21,805107.25,1396166.46,2560042.89,489407.41,709912.1,1199319.51,573456.17,783462.68,1356918.86,2556238.37,445988.12,658594.8,1104582.92,551373.04,716838.24,1268211.28,2372794.2
"Cassava, fresh tubers",..CORDILLERA ADMINISTRATIVE REGION (CAR),268.58,490.29,758.87,587.08,466.87,1053.95,1812.82,252.8,484.11,736.91,531.94,401.74,933.68,1670.59,199.95,1013.27,1213.22,615.85,364.95,980.8,2194.02,174.31,8725,8899.31,2189.71,532.14,2721.85,11621.16,519.94,8754.1,9274.04,2248.26,674.3,2922.56,12196.6,628.4,9845.91,10474.31,2283.47,619.68,2903.15,13377.46,680.32,8672.28,9352.6,4785.58,2694.85,7480.43,16833.03,588.75,11591.41,12180.16,7378.5,2728.44,10106.94,22287.1,2774.34,11984.93,14759.27,6594.91,1251.84,7846.75,22606.02,945.7,9628.28,10573.99,3627.79,1317.08,4944.88,15518.86,941.83,9692.57,10634.4,3768.97,1379.71,5148.68,15783.07,881.65,8771.4,9653.05,2993.33,1023.84,4017.17,13670.22,739.57,8783.25,9522.82,3092.06,903.71,3995.77,13518.59,786.39,9527.8,10314.19,2941.76,682.62,3624.38,13938.57,698.14,9201.46,9899.6,2816.96,680.44,3497.4,13397
"Cassava, fresh tubers",..REGION I (ILOCOS REGION),5483.43,3098.34,8581.77,3909.01,5442.01,9351.02,17932.78,5447.11,3260.56,8707.67,3646.46,5391.74,9038.2,17745.88,5296.64,3116.37,8413.01,3806.63,5343.17,9149.8,17562.81,4920.68,3053.67,7974.35,3843.53,5456.55,9300.08,17274.43,5127.2,3058.41,8185.61,3806.61,5520.43,9327.04,17512.65,5166.32,3050.53,8216.85,3894.39,5127.78,9022.18,17239.02,5283.25,3196.62,8479.87,4439.83,4697.67,9137.5,17617.36,5893.34,3359.58,9252.92,4335.12,4736.58,9071.7,18324.62,6027.21,3469.27,9496.49,4696.22,4647.14,9343.36,18839.85,6076.71,3259.92,9336.63,4802.48,4617.92,9420.4,18757.04,6172.98,3280.91,9453.89,4895.69,4619.08,9514.77,18968.65,5536.86,3324.47,8861.32,5144.98,4821.49,9966.47,18827.79,3867.13,3317.75,7184.88,5247.83,4850.67,10098.5,17283.38,3777.51,3516,7293.5,4299.19,4580.86,8880.05,16173.55,3676.55,3686.63,7363.17,4356.4,4659.65,9016.04,16379.22
"Cassava, fresh tubers",..REGION II (CAGAYAN VALLEY),12869.48,14786.13,27655.61,5554.37,8081.31,13635.68,41291.29,18571.07,17380.12,35951.19,16620.72,17487.94,34108.66,70059.85,20734.12,14726.07,35460.19,16873.84,14585.58,31459.42,66919.61,25289.23,15221.43,40510.66,19645.42,17566.5,37211.92,77722.57,28357.69,30263.11,58620.8,41622.18,35623.97,77246.15,135866.95,49191.84,52804.12,101995.96,71470.69,66638.07,138108.76,240104.72,101997.44,62264.72,164262.16,83944.14,64511.2,148455.34,312717.5,97709.2,67864.11,165573.31,95010.93,64681.1,159692.03,325265.34,90807.54,73763.72,164571.26,80137.44,54604.23,134741.67,299312.93,81466.58,62031.82,143498.4,79626.77,55941.37,135568.13,279066.53,89393.09,53269.08,142662.17,79161.8,15880.27,95042.07,237704.24,56049.99,48434.18,104484.17,71122.15,15054.38,86176.53,190660.7,48837.38,48360.32,97197.7,72194.94,15627.18,87822.12,185019.83,49493.69,47500.85,96994.54,70688.95,15424.46,86113.41,183107.95,47668.85,43166.38,90835.23,66460.17,13905.17,80365.33,171200.56
"Cassava, fresh tubers",..REGION III (CENTRAL LUZON),2714.68,1546.4,4261.08,1754.85,3433.13,5187.98,9449.06,2876.26,1650.52,4526.78,1965.64,3539.83,5505.47,10032.25,2930.02,6022.43,8952.45,2709.03,6766.75,9475.78,18428.23,4366.3,4020.75,8387.05,3069.74,7225.05,10294.79,18681.84,4676.07,4537.18,9213.25,3717.35,7573.91,11291.26,20504.51,4629.01,4560.11,9189.12,3791.47,7535.95,11327.42,20516.54,4818.91,4704.76,9523.67,3450.49,7979.95,11430.44,20954.11,4818.51,4876.64,9695.15,3607.38,7977.42,11584.8,21279.95,4979.02,5148.96,10127.98,3287.57,7818.31,11105.88,21233.86,4961.89,4937.53,9899.42,3520.75,8766.34,12287.08,22186.51,5070.51,5516.85,10587.36,3756.05,9130.22,12886.27,23473.63,4705.46,6026.34,10731.8,3428.69,9530,12958.69,23690.49,4814.77,6386.89,11201.66,3300.93,8870.86,12171.79,23373.45,4487.58,6461.29,10948.87,2124.78,9087.31,11212.09,22160.97,4768.42,5696.25,10464.67,2224.21,9318.83,11543.04,22007.71
"Cassava, fresh tubers",..REGION IV-A (CALABARZON),17182.17,15054.09,32236.26,7556.93,10574.36,18131.29,50367.55,16044.49,15592.17,31636.66,6994.37,9348.63,16343,47979.66,16370.79,16312.5,32683.29,6921.76,9414.69,16336.45,49019.74,15860.08,15799.1,31659.18,7401.9,10872.92,18274.82,49934,16351.27,17511.98,33863.25,6444.95,11089.9,17534.85,51398.1,15520.1,18136.96,33657.06,7041.77,10616.69,17658.46,51315.52,14530.01,18293.6,32823.61,7346.66,10071.96,17418.62,50242.23,14695.8,15916.98,30612.78,7357.33,9638.91,16996.24,47609.02,13330.92,12263.87,25594.79,7071.41,9524.25,16595.66,42190.45,13470.72,11591.8,25062.52,7425.68,9764.86,17190.54,42253.06,14671.29,10871.61,25542.9,7528.47,8951.62,16480.09,42022.99,15160.97,10601.45,25762.42,7600.29,9400.65,17000.94,42763.36,15507.2,10417.74,25924.94,7638.89,9038.72,16677.61,42602.55,15331.26,10499.34,25830.6,7311.5,9200.32,16511.82,42342.42,15181.37,10025.18,25206.55,7287.31,8822.52,16109.83,41316.39
"Cassava, fresh tubers",..MIMAROPA REGION,1909.09,4388.39,6297.48,1994.4,3915.33,5909.73,12207.21,2162.27,4538.97,6701.24,2106,4051.12,6157.12,12858.36,2255.73,4702.03,6957.76,2376.4,4206.46,6582.86,13540.62,2433.37,7192.67,9626.04,2573.19,4506.07,7079.26,16705.3,2517.87,9110.2,11628.07,2732.3,4665.1,7397.4,19025.46,2626.48,9441.32,12067.8,2826.7,4827.47,7654.17,19721.97,2579.47,9208.68,11788.15,2862.92,5237.11,8100.03,19888.18,2819.05,9403.35,12222.4,4291.09,5369.8,9660.89,21883.29,2751.2,9086.97,11838.17,4211.24,5367.71,9578.95,21417.12,2781.37,9013.73,11795.1,4386.51,5028.49,9415,21210.1,2897.66,8512.63,11410.29,4240.51,3609.58,7850.09,19260.38,3524.58,9077.24,12601.82,6113.12,2926.64,9039.76,21641.58,3461.84,9128.31,12590.15,6526.13,3958.65,10484.78,23074.93,3565.29,8993.62,12558.91,3554.74,2798.05,6352.8,18911.71,3052.27,8493.44,11545.71,3167.38,2046.99,5214.37,16760.08
"Cassava, fresh tubers",..REGION V (BICOL REGION),35452.81,48490.28,83943.09,20667.49,10014.39,30681.88,114624.97,35015.37,44755.6,79770.97,20035.55,10213.55,30249.1,110020.07,35674.09,45224.56,80898.65,19817.27,10519.73,30337,111235.65,35901.64,45040.88,80942.52,22316.32,10530.86,32847.18,113789.7,34006.07,44749.68,78755.75,20229.42,10035.68,30265.1,109020.85,33128.43,44660.5,77788.93,20560.91,10279.64,30840.55,108629.48,31999.1,43682.31,75681.41,20586.77,9586.98,30173.75,105855.16,28676.84,39023.2,67700.04,19653.56,9354.38,29007.94,96707.98,27487.85,32053.1,59540.95,18954.49,8760.7,27715.2,87256.15,27333.28,27792.4,55125.68,19759.51,8497.08,28256.59,83382.27,24112.8,28475.23,52588.03,20689.74,7373.07,28062.81,80650.84,15316.91,29262.41,44579.32,19470.98,7806.34,27277.32,71856.64,15084.2,27760.45,42844.65,19999.83,7350.42,27350.25,70194.9,12555.89,26767.08,39322.97,16572.58,5717.65,22290.23,61613.21,8586.8,20915.27,29502.07,13174.41,1838.37,15012.78,44514.85
"Cassava, fresh tubers",..REGION VI (WESTERN VISAYAS),14827.17,20325.08,35152.25,8128.07,16835.39,24963.46,60115.71,15744.19,21061.31,36805.5,8220.99,16894.44,25115.43,61920.93,15994.48,21058.7,37053.18,8273.2,17081.69,25354.89,62408.07,16094.5,21501.78,37596.28,8323.22,16640.87,24964.09,62560.37,16100.17,20580.75,36680.92,8068.86,16487.76,24556.62,61237.54,15370.14,19874.3,35244.44,8095.17,16282.02,24377.19,59621.63,14894.41,19504.99,34399.4,8097.31,15593.62,23690.93,58090.33,14659.38,18554.57,33213.95,8283.2,15032.12,23315.32,56529.27,13037.96,17157.28,30195.24,8056.03,15011.72,23067.75,53262.99,12524.59,16437.43,28962.02,7955.27,14801.26,22756.53,51718.55,12573.41,15516.82,28090.23,7847.71,15443.86,23291.57,51381.8,12220.2,16125.67,28345.87,8007.27,16020.45,24027.72,52373.59,12358.25,16523.06,28881.31,8356.83,15608.8,23965.63,52846.93,12601.28,16535.44,29136.72,7927.75,15083.84,23011.59,52148.31,12296.47,15600.4,27896.87,7932.85,15359.45,23292.3,51189.17
"Cassava, fresh tubers",..REGION VII (CENTRAL VISAYAS),43000.79,11837.14,54837.93,18503.19,45327.02,63830.21,118668.14,45869.36,12950.69,58820.05,18726.1,50610.24,69336.34,128156.39,47918.18,9890.55,57808.73,15386.1,36376.5,51762.6,109571.33,33451.46,9093.2,42544.66,15005.26,33147.71,48152.97,90697.63,27637.33,15187.6,42824.93,15071.27,32660.28,47731.55,90556.48,36127.97,18808.49,54936.46,21695.19,37403.8,59098.99,114035.45,41824.72,10869.26,52693.98,26635.96,38624.21,65260.17,117954.15,45431.54,14896.66,60328.2,13161.98,25162.89,38324.87,98653.07,20465.6,15920.94,36386.54,8464.23,21386.06,29850.29,66236.83,17825.44,9472.56,27298,6847.74,16942.65,23790.39,51088.39,18093.74,8732.72,26826.46,6719.45,15000.81,21720.26,48546.72,18291.82,8863.49,27155.31,6445.89,12819.34,19265.23,46420.54,14643.64,8376.07,23019.71,6736.45,12640.64,19377.09,42396.8,16518.22,9279.44,25797.66,6166.2,14021.51,20187.71,45985.37,12459.95,7471.56,19931.51,5436.19,11739.91,17176.1,37107.62
"Cassava, fresh tubers",..REGION VIII (EASTERN VISAYAS),23848.65,18904.32,42752.97,18819.17,11820.01,30639.18,73392.15,25732.57,18990.19,44722.76,21049.02,13033.65,34082.67,78805.43,25966.17,19351.55,45317.72,22691.8,13908.6,36600.4,81918.12,28415.41,21659.96,50075.37,28851.67,11404.22,40255.89,90331.26,21179.13,20278.97,41458.1,27470.96,11046.57,38517.53,79975.63,22521.21,20703.05,43224.26,29017.99,11973.46,40991.45,84215.71,23043.15,20013.79,43056.94,29617.04,12180.05,41797.1,84854.04,23451.17,19980.13,43431.3,30556.89,11913.09,42469.98,85901.28,22464.25,20234.78,42699.03,30098.8,12031.54,42130.34,84829.37,22283.41,18788.15,41071.56,30593.3,11747.11,42340.41,83411.97,22086.69,18877.21,40963.9,29515.42,13608.02,43123.43,84087.34,22139.57,19418.58,41558.15,31719.31,13459.84,45179.15,86737.3,22384.54,21497.92,43882.46,32735.41,14622.42,47357.83,91240.29,23299.17,21352.1,44651.27,32167.66,15958.16,48125.81,92777.08,23821.74,21283.22,45104.96,31184.62,16553.65,47738.28,92843.24
"Cassava, fresh tubers",..REGION IX (ZAMBOANGA PENINSULA),4484.51,3648.71,8133.22,14808.68,7804.5,22613.18,30746.41,4392.29,3644.4,8036.69,14563.44,7752.3,22315.75,30352.44,4555.92,3663.44,8219.36,14341.35,7492.57,21833.92,30053.28,5076.81,4697.51,9774.32,21018.07,21517.79,42535.86,52310.18,6272.17,19448.18,25720.35,27762.45,23702.26,51464.71,77185.06,6412.65,19614.51,26027.16,31075.9,24236.36,55312.26,81339.42,6417.54,19956.08,26373.62,26453.28,31187.03,57640.31,84013.93,7977.68,24983.65,32961.33,28244.41,29108.81,57353.22,90314.55,7718.77,23529.62,31248.39,27266.23,28176.85,55443.08,86691.47,7298.09,22285.4,29583.49,26566.66,27809.34,54376,83959.49,7303.71,23010.68,30314.39,28539,28781.96,57320.96,87635.35,7711.69,23305.02,31016.71,29931.59,28750.04,58681.63,89698.35,8019.38,23226.28,31245.66,29387.74,30034.87,59422.61,90668.27,7866.53,22618.62,30485.15,27742.99,30114.58,57857.57,88342.72,7186.63,19778.17,26964.8,25110.13,30250.38,55360.51,82325.31
"Cassava, fresh tubers",..REGION X (NORTHERN MINDANAO),160226.28,213159,373385.28,32880.58,65245.04,98125.62,471510.9,170003,249035.5,419038.5,53549.22,78534.79,132084.01,551122.51,151820.44,263294.9,415115.34,62804.44,81035,143839.44,558954.78,152541,264195.95,416736.95,86780.81,97770.77,184551.58,601288.53,175463.92,293882,469345.92,92790,101443.77,194233.77,663579.69,195001,333829,528830,93471.12,106544.02,200015.14,728845.14,182877.56,317457.25,500334.81,94123.2,110876.35,204999.55,705334.36,189406.48,334317.59,523724.07,98566.78,114254.76,212821.54,736545.61,182397.91,331834.11,514232.02,93851.92,108829.86,202681.78,716913.8,172847.41,309343.53,482190.94,95819.67,110052.68,205872.35,688063.29,173236.8,290777.82,464014.62,88390.54,134369.48,222760.02,686774.64,173783.32,258034.74,431818.06,90838.17,153231.49,244069.66,675887.72,171562.13,265389.85,436951.98,91708.69,154038.42,245747.11,682699.09,195248.53,279290.31,474538.84,95061.2,145260.3,240321.5,714860.34,177575.1,254178.05,431753.15,92398.31,109246.17,201644.47,633397.62
"Cassava, fresh tubers",..REGION XI (DAVAO REGION),3272.68,3786.75,7059.43,3752.24,3976.73,7728.97,14788.4,3260.59,3709.07,6969.66,3552.75,3988.38,7541.13,14510.79,3327.22,3729.05,7056.27,3685.77,3711.7,7397.47,14453.74,3320.29,4390.63,7710.92,4162.71,4094.98,8257.69,15968.61,3669.93,5225.05,8894.98,4813.9,4249.35,9063.25,17958.23,3937.18,5444.25,9381.43,4990,4233.64,9223.64,18605.07,4677.43,8725.62,13403.05,5127.72,4697.75,9825.47,23228.52,4761.53,7298,12059.53,4950.41,4910.07,9860.48,21920.01,4535.17,7355.65,11890.82,4924.16,5053.73,9977.89,21868.71,4031.13,7011.01,11042.14,4775.55,4907.79,9683.34,20725.48,3924.26,6663.72,10587.98,4824.77,4601.65,9426.42,20014.4,3889.69,6414.73,10304.42,4788.29,4322.41,9110.7,19415.13,3900.33,6402.02,10302.35,5025.62,4328.26,9353.88,19656.23,3871.56,6366.07,10237.63,4929.8,4176.92,9106.72,19344.35,3703.37,6174.79,9878.17,4805.97,4041.87,8847.84,18726
"Cassava, fresh tubers",..REGION XII (SOCCSKSARGEN),8179.34,7825.9,16005.24,4138.22,14412.11,18550.33,34555.57,10600.76,11062.61,21663.37,5920.38,15802.21,21722.59,43385.96,13157.16,13610.54,26767.7,6023.22,15060.86,21084.08,47851.78,16466.8,28296.45,44763.25,19945.7,25159.2,45104.9,89868.15,52965.71,22137.86,75103.57,19229.72,27489.49,46719.21,121822.78,46551.96,20505.02,67056.98,20001.2,27339.55,47340.75,114397.73,45331.84,16188.12,61519.96,18809.48,24692,43501.48,105021.44,47526.16,17264.73,64790.89,17140.81,21896.83,39037.64,103828.53,42099.08,16656.36,58755.44,15974.91,20379.04,36353.95,95109.39,38839.92,16191.96,55031.88,14410.21,19615.28,34025.49,89057.37,36249.51,14607.8,50857.31,14045.07,19733.39,33778.46,84635.77,37787.35,17764.52,55551.87,12984.09,22534.1,35518.2,91070.06,39632.12,16837.19,56469.3,10372.57,28044.58,38417.15,94886.46,40992.97,18363.8,59356.77,9299.21,26963.33,36262.54,95619.31,26195.23,16685.87,42881.1,8792.54,24393.32,33185.86,76066.96
"Cassava, fresh tubers",..REGION XIII (CARAGA),2958.87,9693.44,12652.31,20874.17,7597.42,28471.59,41123.9,2175.45,5209.6,7385.05,10662.99,5561.31,16224.3,23609.35,1925.82,5158.93,7084.75,7198.31,5817.75,13016.06,20100.81,1919.5,5389.49,7308.99,4973.99,5416.91,10390.9,17699.89,1842.87,5104.05,6946.92,5066.83,5167,10233.83,17180.75,1942.4,5676.52,7618.92,5576.59,5005.8,10582.39,18201.31,1979.41,7325.43,9304.84,6788.01,8627.02,15415.03,24719.87,1813.32,6442.79,8256.11,7344.3,6545.32,13889.62,22145.73,2411.2,6589.22,9000.42,6194.64,6704.88,12899.52,21899.95,2031.58,4536.61,6568.19,5459.32,5646.44,11105.76,17673.95,1948.01,4431.31,6379.32,6275.47,6639.08,12914.55,19293.87,1936.64,5481.59,7418.23,6035.6,6833.47,12869.07,20287.3,1730.35,3771.04,5501.39,6098.04,7187.64,13285.68,18787.07,1726.11,3848.96,5575.07,2763.77,5140.99,7904.76,13479.84,1788.99,3407.41,5196.4,4352.32,4790.24,9142.56,14338.96
"Cassava, fresh tubers",..BANGSAMORO AUTONOMOUS REGION IN MUSLIM MINDANAO (BARMM),97645.59,246955.59,344601.18,266583.35,397682.78,664266.13,1008867.31,94685.7,245510.26,340195.96,266455.42,400802.2,667257.62,1007453.58,92548,246539,339087,270008.17,409873.8,679881.97,1018968.97,98428.88,246160.3,344589.18,273560,416958,690518,1035107.18,99072.26,249308,348380.26,276963.5,419889,696852.5,1045232.76,102634.7,224307,326941.7,273593,423645,697238,1024179.7,98111.4,219767.5,317878.9,265001.18,424942,689943.18,1007822.08,100436.4,221312,321748.4,269949.13,445774.93,715724.06,1037472.46,101465.21,222831.3,324296.51,280311.2,458756,739067.2,1063363.71,99509.9,219139.11,318649.01,276381.86,467696.56,744078.42,1062727.43,96779.27,220554.37,317333.64,280733.11,489458.18,770191.29,1087524.93,98739.92,221694.59,320434.51,282808.83,491567.8,774376.63,1094811.14,98705.65,222449.82,321155.47,282637.25,488001.4,770638.65,1091794.12,97285.43,218991.39,316276.82,279904.08,479251.78,759155.86,1075432.68,97328.23,212830.72,310158.95,271873.29,459191.28,731064.57,1041223.52
Camote [Sweet potato],PHILIPPINES,119708.43,144783.28,264491.7,155262.84,121510.49,276773.32,541265.03,116568.14,139868.06,256436.19,144569.13,115332.7,259901.82,516338.02,117803.34,140884.06,258687.4,142600.71,115619.07,258219.78,516907.18,118908.22,144854.71,263762.93,141347.51,123139.08,264486.59,528249.52,115277.2,144852.03,260129.23,135511.67,124214.08,259725.74,519854.97,117197.6,159265.18,276462.78,137365.88,122166.87,259532.75,535995.53,113366.48,154313.36,267679.84,133941.44,127850.75,261792.19,529472.03,112236.12,158821.22,271057.34,136251.03,129994.99,266246.03,537303.36,110890.85,153985.05,264875.9,132146.53,128611.96,260758.49,525634.39,112294.92,150085.42,262380.34,134061.14,129420.44,263481.58,525861.92,116520.11,157469,273989.11,137698.93,135203.42,272902.35,546891.46,115408.58,157681.91,273090.49,135736.16,136692.75,272428.91,545519.4,114389.78,163938.19,278327.97,138678.02,141314.66,279992.68,558320.65,105847.27,151649.13,257496.4,131069.89,134726.6,265796.49,523292.89,96344.98,142918.92,239263.89,139953.21,125194.07,265147.28,504411.18
Camote [Sweet potato],..CORDILLERA ADMINISTRATIVE REGION (CAR),2712.36,2243.83,4956.19,7282.62,4280.87,11563.49,16519.68,2647.73,2239.21,4886.94,7163.02,3926.16,11089.18,15976.12,2586.45,2234.08,4820.53,6929.34,3960.77,10890.11,15710.64,2545.49,2215.14,4760.63,6883.19,3916.45,10799.64,15560.27,2571.17,2252.65,4823.82,7013.15,3773.25,10786.4,15610.22,2557.22,2191.54,4748.76,6769.09,3624.63,10393.72,15142.48,2506.63,2108.65,4615.28,6682.81,3162.35,9845.16,14460.44,2238.74,2035.57,4274.31,6099.67,2941.64,9041.31,13315.61,2064.34,1945.54,4009.88,5033.18,2482.19,7515.37,11525.25,1849.86,1700.22,3550.08,3428,2230.27,5658.27,9208.35,1772.73,1445.18,3217.91,3798.01,2329.12,6127.13,9345.04,1504.95,1280.92,2785.87,2392.63,2135.67,4528.3,7314.17,1454.89,1117.93,2572.82,2228.87,2039,4267.87,6840.69,1341.83,1340.41,2682.24,1965.88,1705.78,3671.66,6353.9,1153.83,1238.36,2392.19,1572.28,1200.21,2772.49,5164.68
Camote [Sweet potato],..REGION I (ILOCOS REGION),7726.07,3625.59,11351.66,1386.84,2777.55,4164.39,15516.04,7509.5,3620.12,11129.62,1422.14,2704.22,4126.36,15255.97,6932.24,3750.9,10683.15,1362.16,2931.57,4293.73,14976.87,6754.62,3847.18,10601.8,1397.97,2955.14,4353.11,14954.91,6631.04,4003.78,10634.82,1502.21,3004.64,4506.85,15141.67,6447.73,4069.42,10517.15,1499.4,2546.91,4046.31,14563.46,6678.09,4799.52,11477.61,1259.2,2469.38,3728.58,15206.19,7090.21,5043.51,12133.72,1195.74,2470.73,3666.47,15800.19,7103.93,5100.14,12204.07,1138.12,2415.17,3553.3,15757.37,6990.17,4965.35,11955.51,1117.77,2485.84,3603.61,15559.12,6934.17,5019.25,11953.42,1080.05,2559.4,3639.45,15592.86,7019.04,4847.09,11866.13,1060.04,2586.55,3646.59,15512.72,6885.54,4637.92,11523.46,1024.79,2625.83,3650.62,15174.08,6741.76,4549.56,11291.33,807.34,2511.73,3319.08,14610.4,6444.88,4449.6,10894.48,791.12,2467.02,3258.14,14152.62
Camote [Sweet potato],..REGION II (CAGAYAN VALLEY),5001.09,3342.76,8343.85,580.15,2144.32,2724.47,11068.32,4597.45,3804.18,8401.63,590.02,2071.38,2661.4,11063.03,4504.06,3369.24,7873.3,725.29,2301.86,3027.15,10900.45,4760.96,2855.58,7616.54,642.97,2113.66,2756.63,10373.17,2932.3,2881.19,5813.49,649.98,2094.65,2744.63,8558.12,2620.9,2891.19,5512.09,615.7,2148.3,2764,8276.09,2536.36,3047.57,5583.93,649.27,1982.26,2631.53,8215.47,2608.33,3196.49,5804.82,668.74,1987.51,2656.25,8461.06,2779.42,3140.08,5919.5,633.63,2086.43,2720.06,8639.56,2764.26,2876.72,5640.98,645.26,2096.85,2742.11,8383.09,2518.46,2732.04,5250.5,668.04,1691.64,2359.68,7610.18,2741.07,3011.07,5752.14,651.53,1797.39,2448.92,8201.06,2856.74,3161.87,6018.61,665.38,1733.92,2399.3,8417.91,3195.8,3323.75,6519.55,626.58,1838.11,2464.69,8984.24,3267.25,3145.99,6413.24,1900.7,2491.03,4391.73,10804.97
Camote [Sweet potato],..REGION III (CENTRAL LUZON),7964.21,11057.11,19021.32,1589.15,10933.1,12522.25,31543.57,7903.43,11453.48,19356.91,1567.89,9079.58,10647.47,30004.38,8112.46,11308.58,19421.04,1560.63,10214.35,11774.98,31196.02,8344.06,11870.18,20214.24,1519.76,9293.21,10812.97,31027.21,8561.01,12854.38,21415.39,1590.25,9816.33,11406.58,32821.97,8500.28,27540.5,36040.78,1727.32,9540.93,11268.25,47309.03,8257.88,28036,36293.88,1841.14,9720.57,11561.71,47855.59,8298.1,31458.51,39756.61,1964.67,9203.88,11168.55,50925.16,9315.28,31405.39,40720.67,1996.28,8379.57,10375.85,51096.52,10117.18,30914.86,41032.04,1925.62,9362.62,11288.24,52320.28,10245.54,33406.69,43652.23,2015.53,9719.58,11735.11,55387.34,9093.96,28675.17,37769.13,2348.15,10007.83,12355.98,50125.11,9708.04,32111.38,41819.42,2469.12,9004.13,11473.25,53292.67,9039.6,24944.25,33983.85,2291.1,9525.43,11816.53,45800.38,8088.71,27017.33,35106.04,2509.13,9047.13,11556.26,46662.29
Camote [Sweet potato],..REGION IV-A (CALABARZON),8446.99,5088.66,13535.65,12551.18,6225.2,18776.38,32312.03,8364.93,5124.31,13489.24,11429.33,6471.05,17900.38,31389.62,8879.32,5813.45,14692.77,11990.62,5788.42,17779.04,32471.81,9294.41,5628.59,14923,11651.02,5035.03,16686.05,31609.05,9963.1,5354.71,15317.81,11680.62,5039.06,16719.68,32037.49,9995.56,4645.03,14640.59,12203.34,4972.11,17175.46,31816.05,9858.35,4889.91,14748.26,11333.67,4769.5,16103.17,30851.43,9159.81,4720.16,13879.97,11150.69,4672.37,15823.06,29703.02,8872.87,4706.86,13579.73,11213.59,4377.12,15590.71,29170.44,8590.42,5093.75,13684.17,11470.25,4558.37,16028.62,29712.79,8418.02,5262.34,13680.36,11553.07,4104.55,15657.62,29337.98,8734.95,5330.68,14065.63,11301.07,4376.49,15677.56,29743.19,8775.37,5323.13,14098.5,11035.31,4188.39,15223.7,29322.2,8594.84,5029.66,13624.5,10694.02,3971.7,14665.72,28290.22,8280.73,4740.46,13021.19,10419.59,3413.17,13832.76,26853.95
Camote [Sweet potato],..MIMAROPA REGION,3111.69,2191.54,5303.23,2430.35,5117.24,7547.59,12850.82,3226.31,2253.61,5479.92,2492.24,5346.64,7838.88,13318.8,3309.48,2328.26,5637.74,2545.26,5698.97,8244.23,13881.97,3378.48,3430.74,6809.22,2569.81,5764.61,8334.42,15143.64,3370.19,3952.73,7322.92,2620.97,5921.64,8542.61,15865.53,3506.02,4102.18,7608.2,2762.22,6122.75,8884.97,16493.17,3301.63,3896.8,7198.43,2845.86,6351.72,9197.58,16396.01,3603.01,3911.81,7514.82,3029.75,6596.36,9626.11,17140.93,3603.69,3892.3,7495.99,3008.85,6697.27,9706.12,17202.11,3651.6,3907.51,7559.11,3069.13,6383.82,9452.95,17012.06,3557.06,3760.21,7317.27,3002.55,6445.15,9447.7,16764.97,3773.64,4485.62,8259.26,3933.52,6584.67,10518.19,18777.45,3290.21,4333.11,7623.32,5493.37,7705.65,13199.02,20822.34,3682.38,3902.05,7584.43,4455.96,6113.67,10569.63,18154.06,1872.29,4125.57,5997.86,3606.86,3040.32,6647.19,12645.05
Camote [Sweet potato],..REGION V (BICOL REGION),23864.8,41718.84,65583.64,21050.93,8066.27,29117.2,94700.84,23438.38,40487.61,63925.99,20177.61,8016.98,28194.59,92120.58,24119.6,40563.93,64683.53,19245.32,8014.06,27259.38,91942.91,24598.93,41633.47,66232.4,20510.68,8137.6,28648.28,94880.68,24734.9,42238.15,66973.05,13611.4,7326.92,20938.32,87911.37,23338.98,45470.32,68809.3,13760.14,7845.72,21605.86,90415.16,23470.5,44518.36,67988.85,13902.07,7358.9,21260.97,89249.83,21407.23,44958.02,66365.25,13556.07,7456.47,21012.54,87377.79,21981.68,41856.75,63838.43,14724.29,7047,21771.29,85609.72,21661.84,41213.04,62874.88,15106.37,6326.94,21433.3,84308.18,24885.88,45759.47,70645.35,14960.71,5889.42,20850.13,91495.48,22941.33,48877.6,71818.93,14860.83,6656.59,21517.42,93336.35,22168.34,49689.29,71857.63,14211.26,6928.18,21139.44,92997.07,15082.51,43866.02,58948.53,12750.2,6401.17,19151.38,78099.91,13009.64,33490.44,46500.08,11104.4,2471.76,13576.17,60076.25
Camote [Sweet potato],..REGION VI (WESTERN VISAYAS),11946.39,13365.56,25311.95,8567.82,10574.97,19142.79,44454.74,13460.62,13178.55,26639.17,8490.86,10215.2,18706.06,45345.23,13334.22,13284.24,26618.46,8519.05,10504.07,19023.12,45641.58,13342.06,13031.5,26373.56,8302.51,10035.09,18337.6,44711.16,13275,13240.62,26515.62,8280.52,10287.32,18567.84,45083.46,14328.28,13066.93,27395.21,8174.77,10768.32,18943.09,46338.3,13227.55,12721.27,25948.82,8058.42,10922.53,18980.95,44929.77,14082.04,13597.52,27679.56,8173.76,10838.48,19012.24,46691.8,13103.39,13131.53,26234.92,7948.43,11223.9,19172.33,45407.25,13680.27,12524.41,26204.68,8121.79,10735.53,18857.32,45062,14110.2,12811.38,26921.58,8251.05,10843.15,19094.2,46015.78,13828.39,13765.42,27593.81,8559.54,11411.36,19970.9,47564.71,14365.13,14367.21,28732.34,8737.04,11525.23,20262.27,48994.61,13377.39,13609.56,26986.95,8467.24,11333.66,19800.9,46787.85,11952.91,12543.31,24496.22,8412.99,11398.17,19811.16,44307.38
Camote [Sweet potato],..REGION VII (CENTRAL VISAYAS),9658.47,4521.29,14179.76,4531.75,22135.4,26667.15,40846.91,8406.62,5224.5,13631.12,4602.43,20484.77,25087.2,38718.32,8221.16,5499.42,13720.58,4359.04,14475.53,18834.57,32555.15,7579.22,5455.76,13034.98,4494.43,15284.72,19779.15,32814.13,7917.33,4926.62,12843.95,4922.16,16213.9,21136.06,33980.01,8094.6,4148.78,12243.38,4648.23,14588.24,19236.47,31479.85,6735.77,2605.83,9341.6,5055.12,17217.05,22272.17,31613.77,7820.53,2789.86,10610.39,5017.91,16613.92,21631.83,32242.22,5874.61,2805.94,8680.55,4696.55,17309.59,22006.14,30686.69,6733.48,2368.59,9102.07,4264.31,16788.49,21052.8,30154.87,7876.65,2537.26,10413.91,4798.22,17479.47,22277.69,32691.6,8442.33,2782.51,11224.84,4667.05,16587.35,21254.4,32479.24,7003.86,3946.24,10950.1,4758.87,16279.47,21038.34,31988.44,6593.19,3431.18,10024.37,4657.71,15335.86,19993.57,30017.94,4586.86,3937.3,8524.16,4196.7,13470.47,17667.18,26191.34
Camote [Sweet potato],..REGION VIII (EASTERN VISAYAS),16654.6,31192.73,47847.33,56282.78,13909.58,70192.36,118039.69,16525.56,30945.12,47470.68,56414.92,15096.99,71511.91,118982.59,16781.33,31818.7,48600.03,57351.95,17397.91,74749.86,123349.89,17021.23,31158.28,48179.51,53421.13,16248.56,69669.69,117849.2,13810.58,27578.62,41389.2,50592.98,16062.49,66655.47,108044.67,15530.21,27849.75,43379.95,51741.87,16752.39,68494.26,111874.21,14750.99,25857.78,40608.77,48963.81,16367.01,65330.82,105939.59,13892.72,25363.22,39255.94,49946.69,16417.36,66364.05,105619.99,13376.15,24675.93,38052.08,44852.15,16290.12,61142.27,99194.35,13470.59,22374.64,35845.22,47222.13,15881.78,63103.91,98949.13,13719.61,22540.69,36260.3,47832.55,17274.66,65107.22,101367.51,14266.15,22137.81,36403.96,46812.09,17514.08,64326.17,100730.13,15277.54,22531.93,37809.47,48572.4,19407.16,67979.56,105789.03,15086.92,24640.54,39727.46,48726.79,20514.56,69241.35,108968.81,14977.97,26690.04,41668.02,58785.63,20649.36,79434.99,121103.01
Camote [Sweet potato],..REGION IX (ZAMBOANGA PENINSULA),986.47,1277.57,2264.04,3354.12,3155.68,6509.79,8773.83,965.39,1252.83,2218.22,3154.52,3579.1,6733.62,8951.84,1004.57,1165.81,2170.38,3009.6,3366.8,6376.4,8546.78,1059.53,1452.49,2512.02,4404.67,13284.9,17689.57,20201.59,1313.63,2711.09,4024.72,5198,12672.52,17870.52,21895.24,1308.14,2590.55,3898.69,5490.09,13570.24,19060.33,22959.02,1117.72,2228,3345.72,5890.14,14819.37,20709.5,24055.22,1168.35,2367.43,3535.78,5898.5,14735.58,20634.08,24169.86,1188.98,2455.6,3644.58,6101.99,15567.02,21669.01,25313.59,1143.43,2302.05,3445.48,6214.41,16381.16,22595.57,26041.05,1128.95,2272.53,3401.48,6524.42,16963.59,23488.01,26889.49,1125.55,2426.41,3551.96,6013.9,17696.15,23710.05,27262.01,1142.43,2508.61,3651.04,6130.57,19936.08,26066.65,29717.69,1245.55,2682.01,3927.56,6779.5,20876.53,27656.03,31583.59,1024.04,2335.15,3359.19,6376.86,22070.05,28446.91,31806.1
Camote [Sweet potato],..REGION X (NORTHERN MINDANAO),7989,3651.22,11640.22,8723.08,9361.23,18084.31,29724.53,8251.66,4279.19,12530.85,9466.87,9531.87,18998.74,31529.59,8673.1,4380.94,13054.04,9592.95,9827,19419.95,32473.99,8794,5690,14484,9617.67,10017.34,19635.01,34119.01,9003.54,5748.32,14751.86,9807.58,10235.89,20043.47,34795.33,9050.13,5014.5,14064.63,10071.07,10306.75,20377.82,34442.45,8808.21,4732.32,13540.53,10094.83,11153.03,21247.86,34788.39,9140.88,4986.03,14126.91,10400.81,11281.13,21681.94,35808.85,9411.89,5137.17,14549.06,11037.25,11439.67,22476.92,37025.98,9577.35,4998.52,14575.87,11267.6,11528.7,22796.3,37372.17,9490.36,5046.83,14537.19,11291.75,12980.5,24272.25,38809.44,10262.15,5074.04,15336.19,11780.6,13372.57,25153.17,40489.36,10638.13,5183.81,15821.94,11716.38,13269.01,24985.39,40807.33,10764.09,5322.53,16086.62,12029.69,13375.83,25405.52,41492.14,10772.86,5158.14,15931,11025.38,13679.12,24704.5,40635.5
Camote [Sweet potato],..REGION XI (DAVAO REGION),3358.02,4720.14,8078.16,6142.36,5680.31,11822.67,19900.83,3347.86,4368.45,7716.31,5756.96,5540.62,11297.58,19013.89,3363.78,4325.64,7689.42,5828.04,4899.85,10727.89,18417.31,3133.97,4429.69,7563.66,6104.13,4929.53,11033.66,18597.32,3172.78,4738.6,7911.38,6407.89,4924.11,11332,19243.38,3215.07,4713.49,7928.56,6224.93,4973.25,11198.18,19126.74,3133.33,4574.35,7707.68,5807.51,4960.44,10767.95,18475.63,3140.18,4682.78,7822.96,6118.33,4966.35,11084.68,18907.64,3148.47,4736.51,7884.98,6040.57,4918.27,10958.84,18843.82,3136.22,4452.5,7588.72,5837.81,4893.17,10730.97,18319.69,3223.79,4406.87,7630.66,6112.83,4959.74,11072.57,18703.23,3230.84,4351.09,7581.93,6133.71,4589.78,10723.49,18305.42,3178.23,4243.75,7421.99,5972.85,4721.34,10694.19,18116.17,3138.04,4254.49,7392.53,5787.13,4599.04,10386.17,17778.69,2906.7,4150.81,7057.51,5614.24,4550.37,10164.62,17222.12
Camote [Sweet potato],..REGION XII (SOCCSKSARGEN),3204.37,3658.08,6862.45,1639.53,1955.06,3594.59,10457.04,3229.43,3875.67,7105.1,1669.75,2008.38,3678.13,10783.23,3250.14,3946.68,7196.82,1642.07,1943.12,3585.19,10782.01,3247.68,3939.43,7187.11,1662.48,1953.17,3615.65,10802.76,3300.06,3811.88,7111.94,1607.85,1827.22,3435.07,10547,3032.51,3336.68,6369.19,1424.71,1479.91,2904.62,9273.81,2720.88,2413.49,5134.37,1262.95,1510.37,2773.32,7907.69,2582.5,2447.1,5029.6,1288.74,1462.86,2751.6,7781.2,2534.81,2274.06,4808.87,1268.54,1368.84,2637.38,7446.25,2376.87,2187.76,4564.63,1223.23,1348.23,2571.46,7136.09,1663.04,2175.38,3838.42,1256.49,1372.48,2628.97,6467.4,1470.74,2222.55,3693.29,1133.39,1256.05,2389.44,6082.73,1587.02,1913.48,3500.5,875.84,1041.95,1917.79,5418.3,1528.94,1448.85,2977.79,579.99,961.72,1541.71,4519.51,971.43,1118.44,2089.87,552.56,1017.65,1570.21,3660.08
Camote [Sweet potato],..REGION XIII (CARAGA),6124.52,12447.21,18571.73,18224.94,11678.36,29903.3,48475.03,3762.37,7088.16,10850.53,9243.81,7813.44,17057.25,27907.78,3789.97,6418.29,10208.26,6989.67,10741.15,17730.82,27939.08,4060.15,7548.73,11608.88,7202.2,10623.08,17825.28,29434.16,3721.67,7897.34,11619.01,9059.24,11377.69,20436.92,32055.93,4666.1,6996.03,11662.13,9296.26,9190.07,18486.33,30148.46,5280.58,7266.1,12546.68,9369.14,11367.88,20737.02,33283.7,5015.49,6637.49,11652.98,10825.41,14549.83,25375.24,37028.23,5534.58,6086.36,11620.94,11507.64,13187.21,24694.85,36315.79,5574.72,7586.01,13160.74,12209.61,14562.07,26771.68,39932.41,5996.6,7669.61,13666.21,13596.89,16651.89,30248.78,43914.99,5993.38,7784.58,13777.96,13121.42,16160.21,29281.63,43059.59,5072.82,8230.88,13303.7,13815.58,16938.5,30754.08,44057.78,5455.83,8682.83,14138.66,9482.34,13691.69,23174.02,37312.68,6085.25,8234.7,14319.95,11950.1,12839.78,24789.88,39109.83
Camote [Sweet potato],..BANGSAMORO AUTONOMOUS REGION IN MUSLIM MINDANAO (BARMM),959.38,681.15,1640.53,925.24,3515.35,4440.59,6081.12,930.9,673.07,1603.97,926.75,3446.32,4373.07,5977.04,941.45,675.9,1617.35,949.72,3553.64,4503.36,6120.71,993.43,667.95,1661.38,962.89,3547,4509.89,6171.27,998.9,661.35,1660.25,966.87,3636.45,4603.32,6263.57,1005.87,638.3,1644.17,956.73,3736.35,4693.08,6337.25,982,617.42,1599.42,925.51,3718.38,4643.89,6243.31,988,625.73,1613.73,915.56,3800.52,4716.08,6329.81,996.77,634.89,1631.66,945.47,3822.59,4768.06,6399.72,976.67,619.49,1596.16,937.86,3856.61,4794.47,6390.62,979.06,623.26,1602.32,956.77,3939.08,4895.85,6498.17,980.11,629.34,1609.45,966.69,3960.01,4926.7,6536.15,985.49,637.64,1623.13,970.39,3970.82,4941.21,6564.34,978.61,621.43,1600.04,968.42,1970.12,2938.54,4538.58,949.63,543.28,1492.91,1134.67,1388.44,2523.11,4016.02
Banana Saba,PHILIPPINES,587717.06,723042.52,1310759.58,649512.28,672420.27,1321932.56,2632692.13,594310.31,709013.37,1303323.69,656068.09,657449.82,1313517.91,2616841.59,610575.61,723446.03,1334021.64,676856.52,635015.14,1311871.65,2645893.29,585884.14,712152.4,1298036.53,660479.62,598592.73,1259072.35,2557108.89,554807.81,712147.36,1266955.16,672045.4,628494.39,1300539.79,2567494.95,581826.72,707633.66,1289460.39,701233.59,636435.12,1337668.71,2627129.1,538108.2,638442.29,1176550.49,653861.77,643786.86,1297648.63,2474199.11,535106.89,642895.66,1178002.55,667723.52,674284.2,1342007.73,2520010.28,549663.88,685020.2,1234684.08,689647.48,668769.87,1358417.36,2593101.44,528676.48,628490.77,1157167.25,678396.06,677242.31,1355638.37,2512805.62,519829.75,630138.49,1149968.24,671217.48,683596.44,1354813.92,2504782.16,532957.23,636035.48,1168992.7,674320.8,700238.82,1374559.61,2543552.32,505222.51,638536,1143758.52,690825.48,687725.6,1378551.08,2522309.6,520514.52,660998.98,1181513.5,685195.62,687894.28,1373089.89,2554603.39,508769.29,644271.47,1153040.76,685022.77,648630.35,1333653.12,2486693.88
Banana Saba,..CORDILLERA ADMINISTRATIVE REGION (CAR),1934.52,2440.49,4375.01,2172.27,2473.47,4645.74,9020.75,1899.34,2451.42,4350.76,2086.87,2330.93,4417.8,8768.56,1891.39,2495.66,4387.05,2105.01,2417.87,4522.88,8909.93,1944.49,2955.06,4899.55,2335.56,2317.7,4653.26,9552.81,1633.97,2942.94,4576.91,2568.54,1768.3,4336.84,8913.75,1954.5,3150.42,5104.93,2481.85,1627.96,4109.81,9214.74,1931.22,3171.87,5103.09,2710.7,1030.54,3741.24,8844.33,1687.29,2061.44,3748.73,2698.9,1110.33,3809.23,7557.96,1805.38,2204.81,4010.19,2642.3,918.44,3560.74,7570.93,1533.6,1919.56,3453.15,2574.05,966.08,3540.13,6993.28,1693.89,2001.42,3695.31,2931.76,966.44,3898.2,7593.51,1712.41,2110.89,3823.3,3077.94,1012.6,4090.54,7913.84,1820.97,2378.78,4199.75,3216.37,1037.06,4253.43,8453.18,1786.57,2366.52,4153.09,2688.04,953.31,3641.34,7794.43,1704.39,2121.53,3825.92,2802.2,746.33,3548.53,7374.45
Banana Saba,..REGION I (ILOCOS REGION),4147.79,6148.13,10295.92,3832.53,6236.53,10069.06,20364.98,4387.19,6022.43,10409.62,3948.84,5650.64,9599.47,20009.09,4570.89,6184.08,10754.97,4139.71,6160.75,10300.45,21055.42,4780.22,5987.22,10767.44,4267.85,6416.65,10684.49,21451.93,4829.69,6380.43,11210.12,4339.7,6294.87,10634.57,21844.69,4774.27,6300.22,11074.48,4383.45,6065.43,10448.88,21523.36,4617.96,5957.83,10575.8,4620.8,5432.05,10052.85,20628.65,4474.85,6160.85,10635.7,4812.83,5740.81,10553.64,21189.34,4675.34,6404.11,11079.45,5031.65,5163.77,10195.42,21274.87,4315.66,6181.44,10497.11,5071.55,5478.38,10549.94,21047.04,4499.05,6607.79,11106.84,5422.46,5733.74,11156.2,22263.04,4689.28,6730.47,11419.75,5760.24,5546.95,11307.2,22726.95,4984.29,7223.34,12207.63,6065.92,5771.45,11837.37,24045,5316.46,7190.38,12506.84,5827.76,5214.47,11042.23,23549.06,5084.07,6849.26,11933.33,5850.72,4981.29,10832.02,22765.35
Banana Saba,..REGION II (CAGAYAN VALLEY),27537.2,135707.72,163244.92,62654.42,41678.98,104333.4,267578.32,17786.62,104833.94,122620.56,52782.18,15778.25,68560.43,191180.99,15773.11,105931.33,121704.44,66135.31,27209.72,93345.03,215049.47,34014.34,129644.14,163658.47,65339.17,26502.37,91841.54,255500.01,31183.62,132728.32,163911.94,71236.42,39069.45,110305.87,274217.81,41912.03,138541.68,180453.71,75491.43,27963.84,103455.27,283908.98,22042.11,132583.55,154625.65,77376.6,26650.56,104027.16,258652.81,14592.23,111984.84,126577.07,69944.67,33113.9,103058.57,229635.64,23807.92,138231.18,162039.1,75713.45,19520.69,95234.14,257273.24,11112.2,111606.86,122719.06,68768.24,19401.21,88169.45,210888.51,16225.98,132280.95,148506.93,74257.29,20209.11,94466.4,242973.33,16075.82,128001.93,144077.75,76049.59,22541.3,98590.89,242668.64,16082.8,130417.09,146499.89,77442.31,23155.63,100597.94,247097.83,16173.41,135010.94,151184.35,77278.22,22943.11,100221.33,251405.68,17081.08,131464.15,148545.23,75260.93,15510.75,90771.68,239316.91
Banana Saba,..REGION III (CENTRAL LUZON),7052.24,6957.74,14009.98,6157.81,7759.97,13917.78,27927.76,6953.1,6976.3,13929.4,6190.68,7275.23,13465.91,27395.31,6848.34,7038.57,13886.91,6265.26,7311.4,13576.66,27463.57,6719.73,9934.46,16654.19,5690.43,6783.67,12474.1,29128.29,6131.09,9387.95,15519.04,6026.57,7522.65,13549.22,29068.26,6253.71,9379.03,15632.74,6935.9,5723.85,12659.75,28292.49,4087.47,6957.74,11045.21,5793.96,5860.8,11654.76,22699.97,4033.65,6520.32,10553.97,5692.63,6039,11731.63,22285.6,4073.97,6923.12,10997.09,6036.37,6042.49,12078.86,23075.95,4693.62,7532.46,12226.08,6852.08,6804.93,13657.01,25883.09,6130.59,8005.06,14135.65,7146.91,6100.07,13246.98,27382.63,6215.85,6695.63,12911.48,6158.86,7072.92,13231.78,26143.26,7457.91,7776.1,15234.01,6743.17,6769.7,13512.87,28746.88,6515.67,8410.72,14926.39,5804.41,7091.66,12896.07,27822.46,6502.16,7373.35,13875.51,5425.22,6446.92,11872.14,25747.65
Banana Saba,..REGION IV-A (CALABARZON),7134.71,30304.31,37439.02,20198.88,10492.74,30691.62,68130.64,7532.6,33673.69,41206.29,21932.8,11048.23,32981.03,74187.32,7779.14,34454.3,42233.44,22531.05,11316.18,33847.23,76080.67,7848.04,35461.19,43309.23,23083.62,11165.86,34249.48,77558.71,7214.67,33448.37,40663.04,18236.9,9699.81,27936.71,68599.75,5253.2,26080.3,31333.5,20570.84,10719.72,31290.56,62624.06,6576.18,31858.64,38434.82,23758.25,11818.55,35576.8,74011.62,6094.39,32592.74,38687.13,25078,12245.13,37323.13,76010.27,5862.35,31602,37464.35,25091.32,13488.61,38579.93,76044.29,6018.17,29003.11,35021.28,23842.49,13048.36,36890.85,71912.13,4434.77,27345.22,31779.99,22419.76,10052.83,32472.59,64252.58,3555.77,25643.68,29199.46,19326.47,10691.17,30017.64,59217.1,4305.53,27882.76,32188.29,21703.94,10063.9,31767.84,63956.13,3561.18,25146.38,28707.56,22292.6,10448.04,32740.64,61448.2,5445.24,22745.08,28190.32,21069.69,8659.05,29728.74,57919.07
Banana Saba,..MIMAROPA REGION,28785.94,27293.7,56079.64,34893.65,39712.6,74606.25,130685.89,31250.83,28778.89,60029.72,36638.19,44634.02,81272.21,141301.93,31836.87,29663.04,61499.91,37915.71,26257.05,64172.76,125672.67,21415.64,22612.73,44028.37,34839.7,20047.37,54887.07,98915.44,18614.85,20998.52,39613.37,36591.46,20775.45,57366.91,96980.28,19989.97,24552.65,44542.62,38368.55,23031.3,61399.85,105942.47,14591.04,11825.83,26416.87,18035.08,17179.26,35214.34,61631.21,12984.76,9514.32,22499.08,17507.1,18360.16,35867.26,58366.34,13610.72,9996.4,23607.12,20427.59,21099.77,41527.36,65134.48,13630.98,9713.54,23344.52,21996.91,21977.63,43974.54,67319.06,9156.13,6310.93,15467.06,12992.55,11157.44,24149.99,39617.05,10671.7,6459.3,17131,14957.05,8405.46,23362.51,40493.51,8757.3,6030.83,14788.13,20447.42,7614.35,28061.77,42849.9,9228.2,7370.47,16598.67,20054.78,6233.61,26288.4,42887.07,10052.46,11555.67,21608.13,32165.17,6380.11,38545.28,60153.41
Banana Saba,..REGION V (BICOL REGION),9213.58,6943.51,16157.09,11893.21,12694.64,24587.85,40744.94,9343.59,6586.28,15929.87,12522.21,12963.01,25485.22,41415.09,9498.97,6855.18,16354.15,12917.97,13432.36,26350.33,42704.48,9691.74,7103.36,16795.1,13528.17,12873.09,26401.26,43196.36,9812.07,7277.22,17089.29,10117.47,11449.85,21567.32,38656.61,8702,7225.04,15927.04,11378.36,12352.35,23730.71,39657.75,9014.15,6747.87,15762.02,11619.95,12721.4,24341.35,40103.37,7540.29,6327.07,13867.36,11904.73,12715.86,24620.58,38487.95,7592.37,7084.46,14676.83,13204.05,13575.73,26779.77,41456.61,7447.28,6800.16,14247.44,13438.09,13970.66,27408.75,41656.19,5762.86,5577.45,11340.31,10949.73,11086.74,22036.47,33376.78,2981.64,4423.81,7405.45,9598.76,13870.31,23469.07,30874.52,3293.66,5307.57,8601.23,12411.13,10210.54,22621.67,31222.9,2343.89,5494.16,7838.05,9662.28,10224.66,19886.93,27724.98,3334.45,5465.32,8799.77,10156.89,7711.73,17868.62,26668.38
Banana Saba,..REGION VI (WESTERN VISAYAS),68049.48,43113.47,111162.95,29631.93,62701.74,92333.67,203496.62,69783.8,45045.8,114829.6,30804.94,66908.68,97713.62,212543.22,72484.91,45076.25,117561.16,31373.06,69784.83,101157.89,218719.05,72768.09,45455.54,118223.63,31734.12,53911.97,85646.09,203869.72,46993.02,34319.92,81312.94,25964.77,52354.67,78319.44,159632.38,52906.99,37136.11,90043.1,27020.78,53524.88,80545.66,170588.76,51839.33,36328.91,88168.24,26746.93,55492.09,82239.02,170407.26,53295.68,37422.84,90718.52,26992.04,56525.4,83517.44,174235.96,54719.94,38751.95,93471.89,27763.31,59185.84,86949.15,180421.04,54212.12,37503.91,91716.03,28314.4,62023.98,90338.38,182054.41,46758.52,33073.29,79831.81,27605.11,65411.78,93016.89,172848.7,50930.83,36061.74,86992.57,30269.6,66811.5,97081.1,184073.67,50905.45,34985.78,85891.23,29970.93,65113.68,95084.6,180975.83,50356.7,37388.96,87745.66,30688.22,69123.04,99811.26,187556.92,50950.21,36719.34,87669.55,30683.69,68781.02,99464.71,187134.26
Banana Saba,..REGION VII (CENTRAL VISAYAS),42537.12,27927.97,70465.09,24180.57,28331.54,52512.11,122977.2,44615.38,29921.04,74536.42,26839.19,31691.18,58530.37,133066.79,46483.58,30931.03,77414.61,26966.01,31318.96,58284.97,135699.58,41481.38,28374.33,69855.71,29078.34,24242.08,53320.42,123176.13,40290.51,28831.1,69121.6,25056.18,29294.5,54350.68,123472.28,41938.56,27223.45,69162.01,26133.44,31065.15,57198.59,126360.6,43179.15,21752.16,64931.31,24801.72,35703.99,60505.71,125437.02,45751.02,22954.52,68705.54,27868.36,37028.36,64896.72,133602.26,46427.84,23215.73,69643.57,27938.62,37914.45,65853.07,135496.64,45278.91,20520.92,65799.83,25035.95,36653.03,61688.98,127488.81,47720.1,18576.54,66296.64,27622.03,40548.75,68170.78,134467.42,50285.96,19506.42,69792.38,27688.63,41603.84,69292.47,139084.85,30362.63,15948.37,46311,23474.3,39981.35,63455.65,109766.65,40016.39,19639.64,59656.03,27553.91,42996.23,70550.14,130206.17,40266.63,19047.15,59313.78,24965.5,42965.01,67930.51,127244.29
Banana Saba,..REGION VIII (EASTERN VISAYAS),48884.48,43235.23,92119.71,44537.29,45559.98,90097.27,182216.98,48458.34,43350.82,91809.16,44449.62,45480.25,89929.87,181739.03,48531.33,43232.08,91763.41,45284.12,46509.02,91793.14,183556.55,48195.45,43859.97,92055.42,46452.55,30918.85,77371.4,169426.82,36465.44,39337.17,75802.61,41383.5,28391.21,69774.71,145577.32,41196.89,39624.95,80821.84,42354.9,30367.95,72722.85,153544.69,42133.25,37017.34,79150.59,43088.23,31822.43,74910.66,154061.25,42362.28,38686.05,81048.33,45185.68,32504.72,77690.4,158738.73,41850.37,38923.09,80773.46,46586.14,33048.51,79634.65,160408.11,43211.54,37914.44,81125.97,49627.66,35321.62,84949.28,166075.26,43228.13,37587.91,80816.04,45515.09,37788.6,83303.69,164119.72,45999.43,38914.48,84913.91,44752.16,39574.34,84326.49,169240.4,47459.27,37393.26,84852.53,44067.8,44352.8,88420.6,173273.13,53315.25,41646.27,94961.52,48341.29,47076.38,95417.66,190379.19,51896.31,42556.74,94453.05,49460.89,48122.93,97583.83,192036.88
Banana Saba,..REGION IX (ZAMBOANGA PENINSULA),22812.74,32586.03,55398.77,37251.08,50981.21,88232.29,143631.06,21932.09,31838.34,53770.43,35286.84,42073.53,77360.37,131130.8,21559.96,32353.81,53913.77,34732.15,43237.65,77969.8,131883.57,20814.33,35280.75,56095.07,35748.92,47034.31,82783.23,138878.3,22528.05,38325.23,60853.28,37948.69,48227.34,86176.03,147029.31,22438.63,37069.61,59508.24,43469.45,50194.36,93663.81,153172.05,21549.72,32562.48,54112.2,35848,48433.82,84281.82,138394.01,21074.09,33848.02,54922.11,36868.82,47042.55,83911.37,138833.48,21085.3,32767.6,53852.9,37229.05,44339.93,81568.98,135421.88,19998.87,31271.54,51270.41,35551.71,42404.04,77955.75,129226.16,19846.41,29478.5,49324.91,37249.78,44094.01,81343.79,130668.7,20352.97,33332.21,53685.18,37025.69,45498.08,82523.77,136208.95,21278.44,34668.36,55946.8,38160.5,45869.4,84029.9,139976.7,20898.08,36268.68,57166.76,42628.58,42570.03,85198.6,142365.37,17947.21,33406.99,51354.2,40615.12,44892.92,85508.04,136862.24
Banana Saba,..REGION X (NORTHERN MINDANAO),75853.03,57699.85,133552.88,74191.74,61650.65,135842.39,269395.26,82224.19,60845.56,143069.75,81142.63,66987.65,148130.28,291200.03,87482.5,64869.94,152352.44,84947.6,57305.14,142252.74,294605.18,84488.2,66094.87,150583.07,87266.48,57806.1,145072.58,295655.65,82256.43,68057.51,150313.94,90315.55,61815.38,152130.93,302444.87,82236.96,66600.55,148837.51,94205.94,61648.54,155854.48,304691.99,82621.82,62943,145564.82,93739.81,63223.02,156962.83,302527.65,83036.13,62974.62,146010.75,93892.14,64106.43,157998.57,304009.32,84192.46,63544.89,147737.35,94989.19,64800.23,159789.42,307526.77,85110.24,62445.59,147555.83,94817.28,67635.88,162453.16,310008.99,85373.65,62380.62,147754.27,95643.72,68969.89,164613.61,312367.88,86540.11,63818.79,150358.9,97532.49,70294.98,167827.47,318186.37,86205.68,67821.13,154026.81,107500.28,73060.56,180560.84,334587.65,93064.88,69955.44,163020.32,105544,73700.79,179244.79,342265.11,93187.19,67339.56,160526.75,103031.41,72204.39,175235.8,335762.55
Banana Saba,..REGION XI (DAVAO REGION),94848.41,162560.47,257408.88,161742.88,160312.79,322055.67,579464.55,96516.65,164879.95,261396.6,162148.95,158983.59,321132.54,582529.14,97938.27,166090.67,264028.94,160290.22,147111.84,307402.06,571431,77706.77,129172.8,206879.57,134746.35,145807.21,280553.56,487433.13,89233.82,133828.35,223062.17,148775.47,150970.77,299746.24,522808.41,93787.94,134155.98,227943.92,152109.46,153758.51,305867.97,533811.89,92841.58,133023.41,225864.99,151198.13,154372.03,305570.16,531435.15,92522.61,135132.57,227655.18,152503.43,158529.15,311032.58,538687.76,94291.21,141240.79,235532,154199.96,156013.13,310213.09,545745.09,93143.73,123573.25,216716.98,150225.2,154481.35,304706.55,521423.53,93271.48,120064.49,213335.97,150842.59,156751.06,307593.65,520929.62,96203.46,122002.92,218206.38,152798.25,162139.45,314937.7,533144.08,96421.9,120942.23,217364.13,154654.01,157741.28,312395.29,529759.42,95595.37,122614.96,218210.33,155209.88,154009.4,309219.28,527429.61,89846.75,120269.8,210116.55,154312.42,151485.71,305798.13,515914.68
Banana Saba,..REGION XII (SOCCSKSARGEN),83576.55,70124.53,153701.08,78067.49,89754.38,167821.87,321522.95,87278.44,74486.31,161764.75,80076.3,92559.66,172635.96,334400.71,91385.01,79218.39,170603.4,83374.91,94498.47,177873.38,348476.78,90563.06,80760.72,171323.78,87062.77,98340.88,185403.65,356727.43,93548.32,82890.4,176438.72,90819.29,101914.16,192733.45,369172.17,93896.35,81065.3,174961.65,91990.22,103898.94,195889.16,370850.81,76077.92,45655.35,121733.27,66982.02,107181.41,174163.43,295896.7,80543.85,66165.34,146709.19,73019.23,111660.7,184679.93,331389.12,82110.23,67389.53,149499.76,73923.79,112749,186672.79,336172.55,75666.46,64882.77,140549.23,74522.56,115713.57,190236.13,330785.36,70597.78,61938.66,132536.44,71220.73,120564.73,191785.46,324321.9,69860.77,61839.78,131700.55,70640.71,119640.32,190281.03,321981.58,64190.01,60993.81,125183.82,67862.03,111372.16,179234.19,304418.02,60390.38,58697.65,119088.03,69757.85,110806.17,180564.02,299652.06,55918.45,56043.25,111961.7,67179.06,107517.73,174696.8,286658.49
Banana Saba,..REGION XIII (CARAGA),26358.73,27736.32,54095.05,32521.93,27584.19,60106.12,114201.17,24680.5,26857.87,51538.37,32962.23,27410.21,60372.44,111910.81,26497.18,26521.23,53018.41,29742.51,25280.48,55022.99,108041.4,23070.34,25994.26,49064.6,27427.7,24533.12,51960.82,101025.42,21321.69,24440.86,45762.55,27692.49,26453.63,54146.12,99908.67,21531.72,24201.49,45733.21,27094.19,25128.43,52222.62,97955.83,22785.8,25570.71,48356.51,29979.68,26813.05,56792.73,105149.24,22888.06,25469.17,48357.23,34669.63,27605.27,62274.9,110632.13,21227.88,26125.83,47353.71,39304.42,30983.28,70287.7,117641.41,21276.6,25770.78,47047.38,37993.88,31277.47,69271.35,116318.73,22942.76,26811.99,49754.75,38878.68,32648.81,71527.49,121282.24,24003.14,27568.05,51571.19,37685.84,33233.3,70919.14,122490.33,18339.43,25340.88,43680.31,35864.17,33175.54,69039.71,112720.02,18737.54,23371.95,42109.49,20603.52,31580.7,52184.22,94293.71,17836.49,22688.05,40524.54,26310.52,25941.73,52252.25,92776.79
Banana Saba,..BANGSAMORO AUTONOMOUS REGION IN MUSLIM MINDANAO (BARMM),38990.55,42263.05,81253.6,25584.61,24494.86,50079.47,131333.07,39667.65,42464.73,82132.38,26255.62,25674.76,51930.38,134062.76,40014.16,42530.47,82544.63,28135.92,25863.42,53999.34,136543.97,40382.32,43461,83843.33,31877.9,29891.5,61769.4,145612.73,42750.57,48953.08,91703.65,34972.4,32492.35,67464.75,159168.4,43053,45326.88,88379.88,37244.84,39363.91,76608.75,164988.63,42219.5,44485.6,86705.1,37561.9,40051.87,77613.77,164318.87,42225.7,45080.95,87306.65,39085.34,49956.43,89041.77,176348.42,42330.6,50614.71,92945.31,39566.28,49926,89492.28,182437.59,42026.5,51850.44,93876.94,39764.01,50084.13,89848.14,183725.08,42187.65,52097.67,94285.32,40519.3,51512.43,92031.73,186317.05,42878.08,52925.37,95803.45,40998.51,52302.3,93300.81,189104.26,43357.26,53425.71,96782.97,41241.2,52436.2,93677.4,190460.37,43214.55,60425.85,103640.4,41260.3,52922.69,94182.99,197823.39,41716.21,58626.22,100342.43,35733.33,36282.72,72016.05,172358.48
