Species,Geolocation,2010 Quarter 1,2010 Quarter 2,2010 Quarter 3,2010 Quarter 4,2010 Annual,2011 Quarter 1,2011 Quarter 2,2011 Quarter 3,2011 Quarter 4,2011 Annual,2012 Quarter 1,2012 Quarter 2,2012 Quarter 3,2012 Quarter 4,2012 Annual,2013 Quarter 1,2013 Quarter 2,2013 Quarter 3,2013 Quarter 4,2013 Annual,2014 Quarter 1,2014 Quarter 2,2014 Quarter 3,2014 Quarter 4,2014 Annual,2015 Quarter 1,2015 Quarter 2,2015 Quarter 3,2015 Quarter 4,2015 Annual,2016 Quarter 1,2016 Quarter 2,2016 Quarter 3,2016 Quarter 4,2016 Annual,2017 Quarter 1,2017 Quarter 2,2017 Quarter 3,2017 Quarter 4,2017 Annual,2018 Quarter 1,2018 Quarter 2,2018 Quarter 3,2018 Quarter 4,2018 Annual,2019 Quarter 1,2019 Quarter 2,2019 Quarter 3,2019 Quarter 4,2019 Annual,2020 Quarter 1,2020 Quarter 2,2020 Quarter 3,2020 Quarter 4,2020 Annual,2021 Quarter 1,2021 Quarter 2,2021 Quarter 3,2021 Quarter 4,2021 Annual,2022 Quarter 1,2022 Quarter 2,2022 Quarter 3,2022 Quarter 4,2022 Annual,2023 Quarter 1,2023 Quarter 2,2023 Quarter 3,2023 Quarter 4,2023 Annual,2024 Quarter 1,2024 Quarter 2,2024 Quarter 3,2024 Quarter 4,2024 Annual
..Milkfish,PHILIPPINES,66510.34,91177.08,97043.59,94701.01,349432.01,69072.24,93419.09,99198.71,110890.75,372580.8,69433.99,98633.01,103017.1,115644.81,386728.92,76079.64,103907.36,106055.28,115024.16,401066.43,74564.18,101508.7,96326.92,117832.73,390232.54,73990.85,98418.45,101630.05,110386.1,384425.44,72401.26,99637.99,107218.06,118830.86,398088.17,70009.2,108598.83,106465.06,126030.37,411103.47,64874.29,104840.51,97803.53,127611.99,395130.31,61890.12,103184.62,110881.56,133950.25,409906.56,65084.92,105690.3,104005.64,139708.07,414488.93,65438.88,119488.09,115040.39,142300.39,442267.75,58409.75,100764.84,99915.06,128874.52,387964.17,62180.74,81320.13,87721.66,121801.52,353024.05,57128.01,77760.52,88856.27,134134.11,357878.9
..Milkfish,..National Capital Region (NCR),7.8,316.34,568.01,626.07,1518.22,82.87,434.65,583.32,563.39,1664.22,84.51,523.6,499.2,547.96,1655.26,83.79,306.23,526.66,583.21,1499.9,86.34,279.04,503.49,581.83,1450.7,80.85,79.94,522.16,489.1,1172.05,175.33,0.75,665.72,1166.17,2007.97,26.6,2.87,780.56,10249.69,11059.72,49.12,1.42,280.92,17501.45,17832.91,70.78,5.76,368.07,9416.12,9860.73,36.37,44.23,595.86,4.49,680.95,38.1,122.52,42.33,14.57,217.53,44.93,24.86,103.33,32.15,205.28,238.19,320.3,50.57,76.17,685.23,66.66,444.06,119.35,54.5,684.57
..Milkfish,..Cordillera Administrative Region (CAR),0,0,0,0,0,0,0,0,0,0,0,0,0,0,0,0,0,0,0,0,0,0,0,0,0,0,0,0,0,0,0,0,0,0,0,0,0,0,0,0,0,0,0,0,0,0,0,0,0,0,0,0,0,0,0,0,0,0,0,0,0,0,0,0,0,0,0,0,0,0,0,0,0,0,0
..Milkfish,..Region I (Ilocos Region),15096.7,17316.92,11985.38,27755.1,72154.09,16482.03,16740.52,12422.91,44800.09,90445.55,14260.58,20005.17,13045.92,46549.06,93860.74,17440.91,23219.49,15218.97,48428.5,104307.87,19223.66,25347.55,16517.06,56720.91,117809.17,19023.48,23834.64,17383.61,47939.38,108181.11,19535.91,24726.6,17592.38,50171.29,112026.18,18473.14,26062.13,17744.16,50198.62,112478.05,20665.55,17226.29,17121.43,50854.33,105867.6,24004.23,17510.16,18605.69,56676.71,116796.79,24495.36,14920.16,19653.91,66843.64,125913.08,24982.86,22569.68,24319.48,66008.67,137880.69,21985.5,23704.03,30187.26,67354.42,143231.2,23772.68,25798.69,27489.49,66373.42,143434.27,21797.78,26789.42,27685.16,65171.54,141443.9
..Milkfish,..Region II (Cagayan Valley),63.11,355.86,38.62,52.87,510.46,43.32,408.94,38.41,47.94,538.61,39.8,412.39,27.07,46.75,526.02,40.37,424.86,27.14,43.72,536.09,39.86,433.25,24.69,41.9,539.7,38.4,455.94,23.26,28.37,545.98,25.14,411.69,29.18,9.42,475.43,14.77,467.08,18.49,16.81,517.15,16.37,483.77,21.16,6.53,527.82,14.22,504.72,19.83,4.95,543.73,12.95,515.68,20.88,5.56,555.07,12.83,594.99,21.49,5.52,634.82,13.61,555.35,106.28,5.24,680.49,27.15,575.2,119.73,5.03,727.11,39.29,352.35,157.51,5.2,554.35
..Milkfish,..Region III (Central Luzon),13781.15,15690.98,13202.84,16558.54,59233.52,12993.79,15785.43,12306.34,14043.05,55128.61,13651.6,16747.99,11716.13,15929.58,58045.29,16802.69,18393.06,10003.31,17195.84,62394.89,16712.86,19926.74,11255.1,17552.32,65447.02,16337.23,19671.32,10950.06,17735.07,64693.68,16825.76,20367.66,10357.04,16014.57,63565.03,15850.34,23725.45,9282.32,17218.33,66076.44,15284.78,28544.7,8258.74,17218.74,69306.95,11098.8,27237.83,10028.65,18595.38,66960.66,10972.48,36557.56,9922.52,20563.06,78015.63,12350.36,43389.78,10129.97,23738.15,89608.27,15510.25,34372.74,13224.64,21689.84,84797.47,16033.79,15202.8,14146.26,23012.6,68395.45,13754.37,14143.4,10663.26,23020.45,61581.48
..Milkfish,..Region IV-A (CALABARZON),8009.95,9337.55,18067.71,10894.49,46309.7,8416.5,9356.85,17257.61,13106.6,48137.56,8672.92,10047.58,17880.22,14366.56,50967.28,9871.14,10542.55,18812.96,13360.16,52586.82,11105.01,11575.13,12385.08,9222.19,44287.4,11011.54,11423.55,13679.38,11912.16,48026.63,11831.87,12217.33,22417.28,19972.96,66439.44,11864.24,14379.64,26070.36,17647.16,69961.4,3495.77,11395.14,17251.35,11393.3,43535.57,2673.86,10960.23,25731.67,13862.21,53227.96,4033.96,10063.64,16331.69,12908.89,43338.17,2196.47,8574.38,17595.33,12707.11,41073.29,2098.2,9076.68,14128.13,10393.87,35696.88,6824.52,7221.53,10329.82,7848.85,32224.73,5113.57,3179.01,9170.15,5392.62,22855.35
..Milkfish,..MIMAROPA Region,595.04,959.94,1246.94,909.38,3711.3,573.09,1066.47,1286.71,963.21,3889.48,597.35,1193.44,1623.73,1031.1,4445.62,626.51,980.98,2049.9,1144.45,4801.83,584.71,849.42,2083.5,799.54,4317.18,459.16,626.99,2793.68,577.38,4457.21,329.05,230.5,1592.56,362.25,2514.37,189.48,258,1029.09,333.46,1810.02,150.67,135.29,855.13,299.97,1441.07,115.29,105.87,787.9,322.9,1331.95,105.8,86.88,1180.2,231.67,1604.55,71.25,149.98,1185.17,351.85,1758.24,319.71,352.47,373.49,359.07,1404.74,415.49,539.75,851.01,178.76,1985.01,69.84,252.19,1000.72,260.36,1583.12
..Milkfish,..Region V (Bicol Region),255.43,1133.58,865.75,2090.57,4345.33,268.69,1231.38,911.1,2407.32,4818.48,288.66,1262.82,987.01,2576.34,5114.83,357.32,1265.37,1033.6,2723.05,5379.34,408,1222.16,1074.99,2864.53,5569.68,379.23,791.35,966.43,2867.59,5004.6,348.64,687.38,1225.22,1932.83,4194.07,382.81,510.41,1460.22,1932.3,4285.74,419.51,489.61,1366.11,1750.72,4025.95,366.18,722.53,1066.68,2187.5,4342.89,376.02,396.23,995.15,1523.16,3290.56,337.81,271.77,1454.59,2133.86,4198.03,485.41,974.56,321.11,444.94,2226.02,291.48,308.73,259.12,178.87,1038.2,75.52,926.52,84.76,154.57,1241.37
..Milkfish,..Region VI (Western Visayas),11411.82,25984.39,28046.29,9345.35,74787.85,12937.99,28546.94,31175.12,9289.91,81949.96,12585.98,27708.68,31193.02,9402.62,80890.3,13576.47,26902.68,30675.5,8679.79,79834.44,12507.7,22925.07,28023.48,10680.06,74136.31,13847.84,23996.08,28881.62,10683.45,77409,11806.58,24249.39,29759.4,11440.49,77255.86,11853.69,25509.87,30982.81,11067.77,79414.14,14086.39,29458.18,34349.59,11398.58,89292.75,14304.25,31173.88,37247.35,14540.48,97265.96,15007.54,31101.41,35480.07,16737.83,98326.86,13238.04,31449.28,36972.66,15904.24,97564.21,7163.75,20217.83,26071.7,11181.64,64634.92,5964.84,19976.99,22004.2,11027.37,58973.4,6531.62,21062.9,28618.52,26481.08,82694.11
..Milkfish,..Region VII (Central Visayas),1458.69,1641.29,2347.48,1590.21,7037.67,1579.46,1281.74,1737.35,1681.4,6279.96,1335.07,1594.65,1652.55,1876.62,6458.88,1097.39,1636.28,2023.11,1461.11,6217.89,832.28,960.07,1503.85,1873.56,5169.76,1021.76,882.14,1688.01,1696.41,5288.31,1157.96,1028.48,1802.35,1714.47,5703.26,1025.04,794.91,1593.7,1438.76,4852.41,1140.04,917.47,1623.44,1285.64,4966.59,858.26,873.71,1451.18,1511.21,4694.35,1389.34,914.71,2293.6,1689.56,6287.21,2297.03,942.81,2674.33,1742.89,7657.06,851.41,397.87,789.6,854.64,2893.51,491.68,446.45,717.28,657.65,2313.07,688.69,1400.32,1044.21,1552.43,4685.65
..Milkfish,..Region VIII (Eastern Visayas),1572.72,5099.82,3076.65,1924.93,11674.13,1626,4868.68,3484.68,2219.19,12198.56,1770.37,4277.89,3687.74,2119.92,11855.92,1613,4566.38,3991.69,773.28,10944.35,1019.54,3002.51,2798.01,484.14,7304.19,518.54,2666.3,2127.64,346.07,5658.55,812.28,4141.22,1307.27,334.82,6595.59,440.9,4539.8,1365.82,501.44,6847.95,278.09,4343.52,1322.58,847.3,6791.49,309.4,4388.5,1073.67,1175.47,6947.04,243.34,1661.22,830.11,486.62,3221.28,440.3,889.09,1433.86,667.61,3430.87,198.72,108.52,147.05,228.63,682.92,536.76,659.81,1875.02,1652.61,4724.21,1347.13,748.18,1015.46,1435.54,4546.31
..Milkfish,..Region IX (Zamboanga Peninsula),2406.71,3850.75,3974.66,1734.37,11966.49,2017.53,3936.07,3313.05,2139.18,11405.83,2499.59,4063.03,3259.81,2262.57,12085,2292.16,4277.53,3047.07,2398.7,12015.46,1881.19,2934.27,3197.77,2235.9,10249.13,1724.01,2514.91,3400.65,1947.88,9587.45,1318.86,2591.58,2823.49,2188.57,8922.5,1965.28,2128.05,2798.21,1469.56,8361.1,1009.3,1637.94,2598.24,1528.4,6773.88,1097.25,1713.26,2315.13,1200.64,6326.28,1057.67,1482.78,2433.64,1052.68,6026.77,952.7,2224.26,2877.14,1675.41,7729.52,1075.63,1203.37,1801.5,1408.63,5489.13,647.16,677.35,957.51,958,3240.02,371.31,575.46,1478.55,1069.52,3494.85
..Milkfish,..Region X (Nothern Mindanao),1714.35,1607.04,5484.65,4070.53,12876.58,1880.15,1791.37,5218.01,4228.16,13117.69,1893.26,1924.83,5272.24,4385.03,13475.36,1348.81,1957.89,4429.71,4734.66,12471.07,1581.46,3949.46,4949.68,4922.37,15402.97,1387.49,4621.42,5831.21,4824.89,16665,2005.22,3650.7,6081.14,4845.91,16582.95,2312.92,3525.65,6039.76,4735.35,16613.69,2239.4,3509.25,5568.98,4739.83,16057.46,2205.85,3066.7,5314.74,4598.34,15185.62,2228.22,3202.19,4917.83,4443.54,14791.77,2298,3121.06,5033.38,4133.2,14585.64,1621.62,3022.93,3034.29,2656.91,10335.76,1109.83,1947.07,2026.57,1943.49,7026.96,1436.29,1918.58,1555.57,2341.93,7252.37
..Milkfish,..Region XI (Davao Region),5335.48,2631.16,4116.58,10325.43,22408.64,4421.11,2838.35,5305.79,8668.55,21233.8,5820.61,3303.67,8366.55,8331.35,25822.18,6059.17,4147.19,9979.69,6991.64,27177.69,3448.12,2761.21,7910.38,3618.5,17738.2,3697.17,3196.82,10107.91,3181.54,20183.44,2765.69,2849.97,9027.95,3115.98,17759.6,2727.6,3560.28,5097.21,2790.58,14175.68,2956.17,3341.3,5589.78,2556.08,14443.33,2599.86,2787.88,4971.65,3039.38,13398.77,2988.69,2603.82,6680.2,4254.63,16527.34,3383.91,2547.8,8660.23,5551.15,20143.08,4435.2,4679.98,7718.31,8332.94,25166.43,4417.23,6172.63,4686.34,4369.01,19645.2,3418.17,4284.18,4930.28,6606.06,19238.7
..Milkfish,..Region XII (SOCCSKSARGEN),3905.32,4103.39,2972.76,3643.73,14625.2,4795.85,4010.3,3094.56,3639.42,15540.13,4957.25,4411.61,2801.44,3038.65,15208.95,3915.08,4149.94,3279.51,3144.87,14489.4,3931.49,4013.81,2921.98,2710.47,13577.75,3112.24,2285.96,2200.42,2527.28,10125.91,2059.85,1053.61,1437.92,1503.2,6054.59,1493.77,838.82,1157.72,1770.48,5260.79,1516.54,650.49,468.38,1043.06,3678.46,113.77,144.03,701.65,1432.42,2391.87,134.96,476.81,1208.74,1912.42,3732.93,652.67,672.26,958.83,802.02,3085.78,238.86,300.83,238.59,646.54,1424.83,363.76,396.84,585.08,708.01,2053.69,492.95,330.02,542.98,38.41,1404.38
..Milkfish,..Region XIII (Caraga),235.09,448.65,542.44,655.74,1881.93,225.18,440.22,545.31,559.26,1769.97,242.45,473.13,506.3,796.15,2018.03,259.64,453.32,471.52,952.38,2136.86,359.16,641.05,717.47,1118.77,2836.45,465.61,678.5,607.16,1200.58,2951.85,577.83,731.49,630.53,1362.13,3301.99,543.85,796.98,530.83,1925.94,3797.59,613.05,1188.28,590.04,2315.53,4706.89,1035.45,1260.89,628.7,2460.38,5385.41,1060.51,911.37,639.98,2228.04,4839.9,1609.26,1000.84,782.13,1992.85,5385.07,1188.24,1086.98,835.81,1130.24,4241.26,940.99,871.86,1007.82,1052.1,3872.77,1475.25,1179.3,773.86,534.48,3962.89
..Milkfish,..Bangsamoro Autonomous Region in Muslim Mindanao (BARMM),660.98,699.4,506.83,2523.69,4390.9,728.67,681.2,518.44,2534.08,4462.39,734,682.54,498.17,2384.56,4299.27,695.18,683.61,484.92,2408.81,4272.53,842.8,687.98,460.39,2405.74,4396.91,886.3,692.61,466.84,2428.93,4474.68,825.27,699.64,468.63,2695.81,4689.35,844.78,1498.9,513.81,2734.12,5591.61,953.55,1517.85,537.65,2872.53,5881.57,1022.69,728.67,569.02,2926.17,5246.55,941.7,751.6,821.26,4822.3,7336.85,577.3,967.59,899.47,4871.29,7315.64,1178.71,685.85,833.97,2154.82,4853.35,105.19,204.14,615.82,1759.58,2684.74,449.57,174.63,15.9,15.41,655.51
..Tilapia,PHILIPPINES,93348.46,63107.26,46458.08,55925.62,258839.42,90325.29,64006.35,45990.84,57062.96,257385.44,90196.64,65835.7,44509.6,59993.73,260535.67,93157.89,67533.35,45192.66,62934.84,268818.73,92274.16,71573.42,36801.2,58549.36,259198.13,89181.31,69959.29,37502.08,64567.76,261210.44,86999.76,68345.04,40469.65,63231.1,259045.56,87679.7,73386.78,40563.55,66104.76,267734.8,82314.34,75027.28,47215.5,72448.56,277005.69,79842.1,74948.96,45629.65,78965.16,279385.87,79333.55,73298.72,45063.26,66175.76,263871.29,84013.34,81774.32,40369.26,74957.38,281114.3,78894.45,71396.41,38045.66,63490.33,251826.85,89624.43,67209.38,40217.57,57117.69,254169.07,97352.45,65187.02,42614.03,55810.84,260964.34
..Tilapia,..National Capital Region (NCR),15.41,14.26,175.64,284.74,490.04,215.95,16.15,185.17,286.68,703.94,268.82,27.98,178,325.49,800.28,214,25.09,188.68,351.95,779.71,191.95,15.84,182.16,326.91,716.86,30.95,2.38,191.08,173.83,398.24,30.95,2.08,160.66,100.42,294.11,25.93,5.91,116.58,31.93,180.35,29.03,1.68,129.62,128.69,289.01,37.39,1.55,100.05,114.52,253.51,17.67,12.28,2.1,2.86,34.91,22.31,17.4,15.91,23.18,78.8,155.73,80.41,88.92,132.75,457.81,42.15,240.2,29.57,128.36,440.28,43.52,58.09,205.48,25.02,332.11
..Tilapia,..Cordillera Administrative Region (CAR),793.39,540.05,493.32,789.79,2616.55,796.21,605.09,539.42,732.04,2672.77,799.48,615.63,571.59,751.22,2737.92,822.66,626.98,573.88,766.7,2790.22,822.56,646.28,582.92,765.86,2817.61,893.41,625.56,486.81,686.29,2692.07,905.99,621.2,576.96,859.38,2963.54,843.52,654.14,575.56,923.29,2996.51,1004.87,828.08,583.3,891,3307.24,1033.49,610.14,531.02,909.14,3083.79,703.29,657.06,602.53,796.81,2759.69,841.36,845.77,692.11,1058.24,3437.48,876.08,844.26,830.99,801.35,3352.68,722.86,939.28,596.07,650.91,2909.11,833.52,665.84,792.58,777.59,3069.54
..Tilapia,..Region I (Ilocos Region),4077.53,4375.15,485.21,878,9815.89,4981.21,4181.5,389.13,895.65,10447.49,4611.6,4511.31,428.3,956.65,10507.86,4661.13,5074.08,360.54,937.67,11033.43,3266.8,9387.74,374.91,978.1,14007.55,3238.63,9312.44,413.36,1128.91,14093.34,2792.69,7867.39,599.52,1182.09,12441.69,2123.28,10917.29,598.41,1271.51,14910.5,2210.03,12631.29,366.15,1622.18,16829.65,2153.2,12711.38,362.59,2456.44,17683.62,2194.32,12269.19,369.59,2492,17325.11,1845.19,10182.82,375.44,3030.03,15433.48,1488.67,10184.46,400,3342.69,15415.82,1638.7,11344.98,420.63,3238.25,16642.56,1505.79,9703.32,355.03,3001.97,14566.12
..Tilapia,..Region II (Cagayan Valley),2501.77,2094.83,2005.63,2196.52,8798.74,1665.47,3203.7,2846.85,2962.86,10678.89,1868.17,3053.5,3447.6,3150.68,11519.95,1898.46,3195.82,2873.72,3191.95,11159.95,1867.91,3158.98,3050.76,2908.91,10986.57,1783.61,3147.63,2098.08,2476.04,9505.36,1987.54,2819.19,2146.02,2183.96,9136.71,1823.9,3262.1,2125.22,2274.6,9485.82,1857.07,3142.24,2345.47,2015.75,9360.53,1908.66,3094.99,2413.76,2008.61,9426.01,1889.84,3203.91,2532.94,1908.8,9535.49,1895.6,3491.64,2614.16,1986.61,9988,2001.39,3538.17,2823.46,1989.13,10352.15,1548.01,3985.86,3026.56,2137.13,10697.56,1908.27,3127.62,3227.76,1642.54,9906.19
..Tilapia,..Region III (Central Luzon),53920.44,30477.63,9773.74,27004.21,121176.01,50025.28,31496.61,10377.15,25954.12,117853.16,48111.58,31164.58,10118.32,27878.83,117273.31,50750.47,32133.58,9838.19,28915.84,121638.08,53096.4,30873.29,9916.58,29382.24,123268.51,54942.37,28258.54,10534.2,30298.57,124033.68,51351.38,29629.63,11822.39,31606.55,124409.96,54248.91,31974.28,11737.85,32864.12,130825.15,55122.23,33105.2,13101.79,32028.29,133357.51,55063.04,33443.91,12520.15,30459.64,131486.75,56250.9,34761.61,14118.91,31086.93,136218.36,58601.23,37955.81,13799.59,34030.46,144387.09,59050.44,37532.04,13750.79,35654.92,145988.18,66530.97,36021.31,23129.37,34293.91,159975.56,77241.49,37163.77,20278.5,37037.02,171720.78
..Tilapia,..Region IV-A (CALABARZON),25009.56,17539.85,26006.23,17704.98,86260.61,25506.78,16429.03,23793.08,19213.16,84942.04,27461.95,17874.99,21852.62,20270.37,87459.94,28453.67,17800.89,23373.81,21395.84,91024.21,26590.6,19021.86,15357.34,16706.42,77676.22,21934.24,20892.16,16820.8,21465.48,81112.68,24747.97,20985.77,18570.31,18354.97,82659.03,23652.1,20334.52,17907.72,18922.76,80817.09,16521.73,19215.57,22205.27,23548.63,81491.2,14150.83,17275.06,20999.97,29751.65,82177.51,11793.33,15264.25,19327.14,15035.28,61420,14880.64,17874.08,15116.27,16010.84,63881.83,6714.34,11991.47,14064.13,11647.68,44417.62,12497.17,8571.11,7180.87,7598.91,35848.06,9877.37,8198.49,10106.35,3651.44,31833.65
..Tilapia,..MIMAROPA Region,149.82,133.68,161.99,113.51,559,181.36,140.12,181.3,124.22,627.01,191.26,141.72,198.89,143.45,675.32,210.88,148.65,210.23,115.73,685.48,231.63,130.52,199.97,108.88,671.01,50.42,64.34,135.27,48.28,298.31,44.6,25.84,76.49,43.94,190.86,49.41,41.2,47.46,57.83,195.91,79.71,40.81,27.84,47.22,195.59,68.09,42.11,26.16,55.62,191.97,57.43,46.53,35.73,46.84,186.53,39.65,46.03,61.88,74.56,222.12,201.99,90.33,69.45,521.84,883.62,75.07,90.32,258.83,35.6,459.82,49.39,52.89,99.47,48.56,250.31
..Tilapia,..Region V (Bicol Region),1969.19,3658.73,2790.99,982.32,9401.23,1905.13,3599.3,2716.83,1116.83,9338.09,1885.82,3574.41,2987.03,1316.35,9763.61,2083.73,3539.54,2870.77,1323.09,9817.13,2153.49,3552.16,2759.57,1378.3,9843.53,1984.39,3140.21,2329.27,1441.02,8894.89,1539.08,2773.44,2324.52,1436.94,8073.98,1346.18,2934.02,3099.08,2513.82,9893.1,1911.77,2694.05,3010.16,2434.82,10050.8,1604.85,3113.24,2870.29,2553.43,10141.8,1623.65,3481.89,2879.5,1791.58,9776.62,1672.52,5085.02,1593.24,4223.43,12574.21,1512.38,896.52,429.48,632.9,3471.29,1241.59,560.57,193.64,798.46,2794.27,681.36,318.15,315.39,443.12,1758.02
..Tilapia,..Region VI (Western Visayas),139.45,228.2,304.2,431.53,1103.38,166.89,274.39,388.23,509.41,1338.92,176.28,441.07,300.53,690.99,1608.87,206.03,528.05,361.97,820.24,1916.29,153.38,475.02,306.54,822.76,1757.7,315.89,623.99,313.71,1142.72,2396.31,351.99,453.12,221.3,1469,2495.41,481.65,505.47,324.94,1702.41,3014.47,429.6,279.07,330.09,2038.2,3076.95,299.84,476.06,555.87,2791.48,4123.25,339.98,501.57,450.15,4348.04,5639.74,499.96,385.77,687.39,5081.56,6654.68,178.98,974.69,354.62,1453.07,2961.37,299.11,608.43,91.86,327.93,1327.33,218.91,580.5,1527.83,869.57,3196.8
..Tilapia,..Region VII (Central Visayas),94.55,65.03,74.98,118.77,353.34,71.73,66.5,107.92,120.78,366.93,103.97,74.63,92.61,59.32,330.51,66.46,49.8,71.31,58.77,246.35,44.77,34.46,50.46,56.37,186.06,59.02,63.29,46.63,40.77,209.71,68.71,54.14,69.46,105.67,297.99,68.31,21.56,143.71,122.85,356.42,99.73,54.59,145.01,67.51,366.84,109.39,122.03,164.68,60.77,456.88,156.28,142.06,84.68,83.79,466.81,158.12,152.69,82.75,49.68,443.24,75.77,108.12,126.03,128.86,438.77,82.07,184.1,96.22,122.91,485.3,98.42,128.77,175.68,183.69,586.55
..Tilapia,..Region VIII (Eastern Visayas),237.37,90.57,79.8,88.14,495.89,178.73,97.41,92.51,40.7,409.36,149.21,62.89,88.68,37.98,338.75,177.73,40.08,137.7,33.7,389.22,120.58,24.39,73.19,29.23,247.39,165.6,22.9,65.75,24.25,278.51,227.77,22.18,63.37,21.96,335.28,103.03,37.3,52.62,26.91,219.86,402.2,21.18,53.28,12.34,489.01,516.62,26.51,75.58,11.22,629.94,685.89,24.02,71.5,16.06,797.46,268.68,22.77,51.73,7.63,350.81,55.97,74.44,68.26,78.2,276.87,66.01,33.02,65.15,50.23,214.4,52.7,139.01,67.99,82.74,342.43
..Tilapia,..Region IX (Zamboanga Peninsula),498.05,608.44,382.31,401.22,1890.02,528.48,694.34,261.62,315.82,1800.25,357.1,340.96,262.2,294.83,1255.08,354.02,286.54,245.98,343.04,1229.58,316.9,324.69,255.77,340.89,1238.25,293.1,308.99,230.81,356.51,1189.41,312.52,221.87,83.13,791.43,1408.94,294.64,156.9,91.01,281.62,824.17,152.09,129.5,72.77,212.23,566.59,131.56,131.27,100.63,136.95,500.41,136.21,140.51,104.48,156.46,537.67,71.14,136.3,107.95,69.28,384.68,200.69,95.69,38.11,70.69,405.18,21.92,67.58,31.18,51.81,172.49,47.99,43.67,76.07,161.21,328.94
..Tilapia,..Region X (Nothern Mindanao),534.85,265.64,284.18,387.61,1472.29,517.89,324.79,285.97,271.15,1399.81,607.41,309.53,279.58,308.62,1505.13,412.47,256.91,280,376.8,1326.19,318.64,159.52,245.77,502.67,1226.6,418.85,216.3,256.46,619.85,1511.46,382,171.73,233.28,416.27,1203.28,263.6,246.75,298.08,464.36,1272.79,334.47,245.45,303.45,475.31,1358.68,431.13,209.27,250.43,411.29,1302.12,433.87,208.26,236.86,387.99,1266.98,475.61,234.2,241.33,500.01,1451.14,575.3,1895.66,846.74,711.39,4029.09,735.56,1572.28,998.11,717.67,4023.63,548.99,1146.13,875.8,794.71,3365.63
..Tilapia,..Region XI (Davao Region),237.65,371.53,434.52,334.74,1378.44,186.26,367.99,893.22,332.44,1779.91,266.78,1136.19,916.08,413.66,2732.71,321.83,1269.23,857.82,220.17,2669.05,313.37,1097.22,846.85,246.84,2504.28,274.57,1064.83,979.06,270.21,2588.67,206.37,786.02,853.67,283.35,2129.41,173.5,905.06,752.39,161.69,1992.63,238.52,686.38,459.65,378.86,1763.42,132.7,987.76,673.54,322.2,2116.2,152.33,674.47,577.1,1061.55,2465.45,168.53,900.43,839.38,1114.77,3023.11,280.74,253.95,168.85,342.92,1046.46,215.56,393.37,148.6,227.29,984.81,68.64,61.29,69.58,97.5,297.01
..Tilapia,..Region XII (SOCCSKSARGEN),2650.95,1978.49,1411.21,2466,8506.65,2840.97,1896.08,1380.12,2491.88,8609.04,2782.83,1897.65,1154.3,1673.77,7508.55,1997.14,1977.55,1249.01,1272.02,6495.71,2177.19,2100.65,974.82,1148.54,6401.21,2164.29,1651.33,979.37,912.27,5707.25,1404.48,1287.56,1018.62,892.72,4603.38,1486.42,745.07,948.07,867.49,4047.04,1173.08,1287.34,1255.85,1268.53,4984.79,1444.09,2022.91,1162.56,1514.96,6144.52,2185.56,1216.25,911.51,1371.2,5684.52,2134.3,3768.31,1186.26,1999.9,9088.76,1387.35,1813.63,1578.79,2045.51,6825.27,1634.08,1668.4,1329.79,1601.78,6234.04,2317.86,2182.24,2492.68,2242.44,9235.22
..Tilapia,..Region XIII (Caraga),62.23,38.99,73.34,117.58,292.14,80.39,45.71,61.77,72.75,260.62,76.83,55.4,72.06,65.07,269.36,47.08,26.9,63.53,54.96,192.47,34.28,24.71,68.65,71.3,198.93,48.66,17.47,45.4,107.89,219.41,59,16.5,57.79,106.51,239.8,63.29,12.91,88.97,116.65,281.83,44.61,11.58,70.23,98.16,224.58,37.71,18.3,31.1,62.04,149.15,32.62,15.06,32.27,45.51,125.46,57.3,39.94,161.79,152.54,411.57,117.1,121.35,182.08,184.1,604.62,103.88,79.47,263.48,109.56,556.4,154.88,231.12,302.42,191.2,879.61
..Tilapia,..Bangsamoro Autonomous Region in Muslim Mindanao (BARMM),456.26,626.2,1520.79,1625.96,4229.21,476.56,567.64,1490.56,1622.45,4157.22,477.56,553.26,1561.23,1656.46,4248.51,480.12,553.67,1635.51,2756.36,5425.66,573.71,546.09,1554.93,2775.13,5449.85,583.3,546.93,1576.02,3374.87,6081.12,586.71,607.4,1592.15,3375.93,6162.19,632.03,632.31,1655.9,3500.93,6421.17,703.6,653.28,2755.59,5180.84,9293.31,719.51,662.46,2791.26,5345.21,9518.44,680.39,679.78,2726.27,5544.03,9630.48,381.18,635.36,2742.1,5544.66,9303.3,4021.52,901.21,2224.97,3752.34,10900.04,2169.73,849.1,2357.64,5026.97,10403.43,1703.35,1386.13,1645.42,4560.51,9295.41
Hog,PHILIPPINES,455481,459398,444904,538375,1898158,458391,466009,457647,558300,1940347,474048,460142,466360,573067,1973617,475746,480501,474534,581392,2012173,481712,484286,481998,584307,2032303,499889,511422,500112,608910,2120333,527213,549315,522837,632295,2231660,545670,542065,527602,649678,2265015,558725,557273,541034,662732,2319764,567419,580110,551616,597505.806,2296650.806,568672.6288,550017.2744,508905.9877,515050.8454,2142646.736,421793.69,406065.9501,418073.7916,450216.1872,1696149.619,416721.6723,418403.3504,436678.1258,465315.9333,1737119.082,437993.0258,422718.7332,450901.5162,482316.6524,1793929.928,419369.3383,422064.148,414611.4096,447742.1491,1703787.045
Hog,..National Capital Region (NCR),0,0,0,0,0,0,0,0,0,0,0,0,0,0,0,0,0,0,0,0,0,0,0,0,0,0,0,0,0,0,0,0,0,0,0,0,0,0,0,0,0,0,0,0,0,0,0,0,0,0,0,0,0,0,0,0,92.92,71.871094,75.522946,240.314039,125.884,9.28,18.65,17.745,171.559,11.375,1.092,94.916502,18.193245,125.576747,12.91234,5.41625,0,0,18.32859
Hog,..Cordillera Administrative Region (CAR),8664,9706,7227,10268,35865,7643,8747,7368,9592,33350,6817,7566,7408,9798,31589,6580,7680,6866,9407,30533,6342,7170,6648,8611,28771,5496,6545,6491,8215,26747,5910,6757,6044,7650,26361,5575,6310,6151,7797,25833,5817,5941,6694,8203,26655,6309,6252,6385,7701.45,26647.45,6105.906189,5709.165088,7300.509,6666.347,25781.92728,5364.28,5382.82,6100.779092,5041.133831,21889.01292,5395.319318,4245.455253,5555.528432,5252.499,20448.802,5667.454669,4649.077825,6175.852984,5631.884899,22124.27038,6136.153722,5003.15992,5346.434968,4776.961631,21262.71024
Hog,..Region I (Ilocos Region),17575,19028,16558,20753,73914,18387,19450,16958,21156,75951,19220,21261,18883,22342,81706,19813,21819,19396,21949,82977,19528,20959,18730,22392,81609,20283,20869,19376,22203,82731,20913,22589,19412,23639,86553,22006,23482,19957,24620,90065,22061,25607,21649,25367,94684,23700,26014,21481,23373.002,94568.002,25702.35831,24021.67679,22977.34157,19521.99937,92223.37604,15252.18,14804.11,13282.58047,14321.21537,57660.08584,12475.82988,11544.77671,13010.45329,16031.26541,53062.32528,17784.14434,15530.42483,16470.56407,18699.09657,68484.2298,17774.12461,16626.50031,16481.34517,17525.95291,68407.92301
Hog,..Region II (Cagayan Valley),17338,17841,15358,15567,66104,17078,17104,15854,16203,66239,17311,17153,16961,17100,68525,17456,16801,17264,17245,68766,17540,16120,16215,17218,67093,17663,16741,16861,17588,68853,17702,18426,17205,18023,71356,17763,18270,17529,19307,72869,17634,17102,17694,19375,71805,17554,17655,17801,19478.002,72488.002,17489.50244,18136.565,18703.0821,14592.587,68921.73654,13825.86,8462.8,9685.993,7696.051602,39670.7046,8160.957,6822.31569,8418.782,8650.41626,32052.47095,8578.1721,8099.43168,9409.28423,9354.869027,35441.75704,9116.2129,8714.69688,10099.49662,8868.30132,36798.70772
Hog,..Region III (Central Luzon),63927,60610,70248,94256,289041,66829,63029,76068,103729,309655,70415,68733,81024,118321,338493,76752,80316,83115,122158,362341,81383,84068,86674,128549,380674,86014,94607,98953,142960,422534,96483,110047,105608,150292,462430,104566,93030,99610,150311,447517,109400,101748,104463,156941,472552,111603,106003,102919,97223,417748,112574.6407,104431.201,55946.502,49457.153,322409.4967,27193.68,23952.02,26664.74255,26971.72725,104782.1698,28547.19358,31060.31762,33803.19311,38490.6183,131901.3226,40269.59075,42346.703,46154.97754,51416.43721,180187.7085,48941.85154,50069.49351,48445.67456,54982.02213,202439.0417
Hog,..Region IV-A (CALABARZON),61717,70830,66688,77731,276966,60483,73254,71447,86924,292108,70066,70319,71160,85537,297082,69104,76102,74807,89473,309486,71206,79241,78219,86932,315598,74612,88835,80927,91975,336349,85019,94908,87539,97590,365056,86913,95370,88771,100659,371713,91077,97579,89260,103674,381590,92270,103434,96744,103096.95,395544.95,87710.84609,87896.92362,90887.027,82016.61652,348511.4132,44193.44,39807.57,52479.67421,51421.15162,187901.8358,51726.26121,46671.64152,52788.24503,52055.015,203241.1628,61183.95331,53843.25941,59807.87368,58369.03203,233204.1184,63504.08989,57608.31728,60526.23949,53882.12923,235520.7759
Hog,..MIMAROPA Region,13569,17552,15211,20028,66360,13295,18392,15944,20661,68292,13623,19017,16570,21397,70607,14096,19687,17358,21964,73105,14267,20304,17524,22127,74222,14733,22667,17556,22710,77666,14899,23413,17878,23395,79585,15073,24886,18940,24148,83047,16279,24828,17906,21827,80840,17370,23728,17979,20303.93,79380.93,15899.44282,24248.69425,18841.25016,20804.756,79794.14323,21627.87,26292.61,20371.2375,23418.8621,91710.5796,17402.95906,27780.058,19436.896,27563.222,92183.13506,19094.124,31466.83523,29539.03039,31476.6954,111576.685,19180.51398,23780.49905,20918.87098,22898.99271,86778.87671
Hog,..Region V (Bicol Region),32340,28941,24464,32534,118279,33291,28307,26671,30676,118945,32289,26326,26751,27927,113293,31163,27571,27104,28420,114258,34113,29190,28409,29647,121359,35223,29181,28483,30724,123611,32578,28427,29304,31234,121543,33570,30306,29722,33005,126603,34687,31589,31236,32551,130063,35329,32652,31794,33471,133246,33675.245,27351.568,29974.381,28879.619,119880.813,30028.34,21196.53,23930.71224,24057.092,99212.67424,27148.8539,22552.55466,25150.844,25649.48347,100501.736,26038.42778,23186.68508,26417.45684,30548.34164,106190.9113,27180.51797,24150.5598,20915.37236,27132.18682,99378.63695
Hog,..Region VI (Western Visayas),41406,44914,47142,47579,181041,42006,45153,46953,48371,182483,43894,43542,46183,50885,184504,44579,42232,46808,48978,182597,42544,40850,45798,49332,178524,44016,41415,43791,49112,178334,46684,44301,46657,51116,188758,45997,44956,45605,50042,186600,45221,44920,45831,51133,187105,46975,48818,46472,49633.89,191898.89,48130.24914,47879.48088,48224.308,51063.82969,195297.8677,48930.92,47230.58,50927.13241,53194.72435,200283.3568,49055.31892,49059.00278,52535.65407,54389.55038,205039.5261,52879.85804,42025.718,33109.82331,30455.07071,158470.4701,24688.99117,24391.05504,24742.72473,26724.4876,100547.2585
Hog,..Region VII (Central Visayas),37299,35877,31867,43293,148336,38242,37379,32216,44995,152832,39274,37882,32366,46223,155745,37457,39056,33325,46490,156328,35840,38333,34709,47887,156769,37589,39538,36177,50227,163531,40777,41914,39366,53048,175105,44450,46916,43293,57540,192199,46248,47367,45148,55709,194472,46058,47416,46361,52922.96,192757.96,49905.046,44945.821,45156.011,52864.258,192871.136,53660.38,55152.35,49724.275,50217.86195,208754.867,56834.377,57429.10703,58077.29508,56800.899,229141.6781,57915.514,54444.13,67657.89366,63036.8487,243054.3864,51954.52962,62342.20104,51681.14367,52224.74798,218202.6223
Hog,..Region VIII (Eastern Visayas),28873,24069,22563,28556,104061,28237,22840,21329,28822,101228,24186,18908,19676,26470,89240,22801,17259,19546,26353,85959,19453,16154,18246,22754,76607,19506,15482,18711,22803,76502,19331,15882,17954,23223,76390,19571,16802,17433,22642,76448,18468,18316,18501,22687,77972,17119,18724,18867,22811.78,77521.78,19097.7778,18869.807,19449.716,24537.271,81954.5718,18405.58,15329.84,18190.977,26215.82812,78142.22512,7409.019509,9559.392,11416.12768,22685.482,51070.02118,7767.87365,9657.157,11845.5669,24469.95823,53740.55578,8934.7837,10160.35433,14932.10622,24772.65088,58799.89513
Hog,..Region IX (Zamboanga Peninsula),21853,27121,21348,23750,94072,21987,26459,18394,22580,89420,22094,21702,18587,21611,83994,22875,21104,17656,20602,82237,22538,20171,17719,19748,80176,22552,21291,17961,19517,81321,22126,20361,17726,19838,80051,22876,21006,17314,21003,82199,22189,20668,17572,21655,82084,20355,22605,17192,21983.06,82135.06,18921.23785,21802.11651,18868.43366,23358.68429,82950.4723,18336.65,25719.1,16556.81825,24534.335,85146.90325,19543.78605,28799.81528,22968.15231,25087.76503,96399.51867,18751.0362,25335.365,22108.62351,25523.17036,91718.19507,17707.67219,23439.02098,18840.82719,24423.48841,84411.00877
Hog,..Region X -(Northern Mindanao),33589,32859,30843,39227,136518,35131,34617,32846,41879,144473,37636,35562,35119,44765,153082,39197,37467,36326,46757,159747,40870,38405,37247,47456,163978,41984,39163,39198,49666,170011,43868,42887,39885,51032,177672,45495,45577,42863,54513,188448,48325,47800,44064,56434,196623,50264,48730,45359,56611.73,200964.73,51065.308,50846.657,50100.878,58018.9598,210031.8028,50830.44,52824.49,51778.95609,62032.152,217466.0381,58690.805,50322.58501,54287.779,56616.152,219917.321,55457.125,50974.525,54502.64252,59045.58193,219979.8745,57491.60201,53567.16441,53302.9869,53938.47361,218300.2269
Hog,..Region XI (Davao Region),32373,27865,32668,34796,127702,32607,30755,33365,35376,132103,33574,31419,33789,35823,134605,32638,32472,32828,35909,133847,34108,33145,33108,35878,136239,37095,34418,35217,36578,143308,38215,35999,36873,38070,149157,39824,36175,37527,38073,151599,40703,35846,37709,40526,154784,39618,37699,37736,40840.9,155893.9,39198.78449,35210.44857,36645.651,39135.53778,150190.4218,32734.68,29930.34,35074.4912,38558.44393,136297.9551,34735.53861,31515.31839,35158.75703,37230.81388,138640.4279,34248.36,31074.87472,36161.20992,38322.00317,139806.4478,32768.28628,30842.32438,35017.58531,38193.33245,136821.5284
Hog,..Region XII (SOCCSKSARGEN),31736,29209,28696,29552,119193,30159,27731,29656,30303,117849,30544,28077,29850,29585,118056,29136,28621,30622,29873,118252,29981,28083,31257,30490,119811,30774,28499,29649,29449,118371,29470,30099,30103,29375,119047,28787,26937,31098,30919,117741,28443,26020,31119,31709,117291,31079,28546,31889,33079.53,124593.53,30493.351,27802.529,34295.685,30217.234,122808.799,29419.72,28966.45,34331.71132,31970.673,124688.5543,29767.75978,31396.111,36444.65515,29549.5494,127158.0753,23796.171,22980.19,24403.079,27097.09627,98276.53627,25308.43771,24963.84839,26677.66236,29896.28922,106846.2377
Hog,..Region XIII (Caraga),10541,10559,10990,16644,48734,9359,10222,9598,12674,41853,9390,9645,9021,12594,40650,9025,9430,8814,13047,40316,8863,9481,8948,12533,39825,9376,9605,8365,12243,39589,10080,10948,9262,12098,42388,10264,9918,9799,12207,42188,9066,9756,9997,11870,40689,8592,9485,10545,11872.62,40494.62,9360.153,8703.919,9323.074385,11104.588,38491.73439,8557.67,8329.85009,6800.50821,7598.315155,31286.34346,5966.912833,7123.267457,5787.528646,5800.887124,24678.59606,5728.216,5425.259398,5138.119201,5296.89704,21588.49164,5645.108644,4572.75584,4666.99909,5286.68099,20171.54456
Hog,..BANGSAMORO AUTONOMOUS REGION IN MUSLIM MINDANAO (BARMM),2681,2417,3033,3841,11972,3657,2570,2980,4359,13566,3715,3030,3012,2689,12446,3074,2884,2699,2767,11424,3136,2612,2547,2753,11048,2973,2566,2396,2940,10875,3158,2357,2021,2672,10208,2940,2124,1990,2892,9946,3107,2186,2191,3071,10555,3224,2349,2092,3102.002,10767.002,3342.78,2160.70166,2212.137837,2811.405,10527.0245,3432,2591.57,2101.331962,2891.097,11015.99896,3734.896667,2512.352,1819.585,3444.57,11511.40367,2821.63,1678.005,1904.602,3555.476,9959.713,3023.55,1826.780579,2015.94,2215.45116,9081.721739
Chicken,PHILIPPINES,332090,328207,330252,362578,1353127,344594.68,340768.19,347895.17,381031.15,1414289.19,370023,352194,355593,401625.4,1479435.4,383717,376536,372691,422126,1555070,393412,383893,361782,432675,1571762,414179.34,404933.9,393522.62,448176.7,1660812.57,412990.61,404830.93,400950.73,455732.32,1674504.59,419302.56,442566.89,411057.37,472961.61,1745888.43,439955.88,462704.1,428767.59,505236.02,1836663.6,459059.59,477112.54,465147.28,526094.55,1927413.97,453723.02,439995.87,431769.63,484364.02,1809852.55,402769.8,433110.31,425892.22,483028.03,1744800.36,455036.26,463116.21,454379.76,494120.13,1866652.36,470207.84,477757.03,464966.54,534002.47,1946933.88,506277.23,520476.45,492759.21,560741.58,2080254.46
Chicken,..National Capital Region (NCR),0,0,0,0,0,0,0,0,0,0,0,0,0,0,0,0,0,0,0,0,0,0,0,0,0,0,0,0,0,0,0,0,0,0,0,0,0,0,0,0,0,0,0,0,0,0,0,0,0,0,0,0,0,0,0,2.81,7.31,234.43,247.2,491.75,238.73,218.25,220.42,220.5,897.9,243.03,315.82,308.22,206.02,1073.09,341.53,203.51,174.61,28.84,748.5
Chicken,..Cordillera Administrative Region (CAR),1604,1851,1996,2297,7748,1652,1954.26,2044,2048,7698.26,1661,1525,1924,2145,7255,1785,1582,1949,2043,7359,1649,1552,1894,2086,7181,1755.23,1819.53,1966.7,2195.01,7736.48,1786.71,1683.89,2021.68,2109.43,7601.7,1873.05,1710.72,2057.73,2282.87,7924.37,1913.81,1844.24,1639.03,1880.45,7277.52,1600.98,1381.25,1689.6,1950.15,6621.97,1510.68,1247.96,1505.74,1871.79,6136.17,1509.56,1454.69,1381.82,1568.01,5914.08,1685.22,1546.51,1442.64,1764.4,6438.78,1506.05,1894.31,1319.08,1877.36,6596.79,1393.4,2031.94,1479.94,1713.07,6618.34
Chicken,..Region I (Ilocos Region),18243,18225,17064,21389,74921,17781.68,18680.71,17531,21376,75369.38,20070,19997,19243,22085,81395,21370,22017,19259,20613,83259,20341,22364,18993,20764,82462,21311,21579,18989,20950,82829,19888.82,20022.33,17601.01,21247.83,78759.99,19992.35,20787.87,17207.36,20091.8,78079.38,21617.98,22860.4,18528.33,21926.18,84932.89,20708.1,21564.18,19252.66,22705.63,84230.56,21903.05,21909.35,18597.75,22124.54,84534.68,20809.19,19703.58,14648.06,21119.24,76280.08,22540.84,19236.21,18906.35,25968.73,86652.12,25534.44,20966.17,21025.35,23905.5,91431.46,20498.04,23518.24,19012.9,22905.46,85934.64
Chicken,..Region II (Cagayan Valley),8317,10421,10754,9917,39409,9617.19,10825.55,12983.99,13542.54,46969.27,13363,10473,14508,13413,51757,13870,13486,13664,14505,55525,14033,13911,14432,15320,57696,14830,14273,14777,15439,59319,14839.13,15245.36,15552.82,15006.73,60644.04,14116.68,15571.44,14771.9,14317.33,58777.35,14702.17,14393.46,14890.29,13907.79,57893.71,14348.15,13038.06,14261.37,13724.05,55371.63,12482.98,12532.5,14514.23,14162.93,53692.64,16243.4,12420,15128.17,15653.94,59445.51,12381.89,12600.61,13416.41,13012.16,51411.07,12630.66,12819.24,13727.49,12566.93,51744.32,12562.05,12612.36,13778.32,14425.42,53378.15
Chicken,..Region III (Central Luzon),112539,115722,114950,115111,458322,115197.38,121487.59,118560.11,119487.49,474732.57,124412,130144,122334,128276,505166,138908,139023,130865,141049,549845,149523,142178,128115,150310,570126,160405,151870,140917,156317,609509,154381.91,150181.9,138707.91,147720.78,590992.5,150574.01,168984.32,145210.96,159917.04,624686.33,162321.41,176889.69,145082.21,174616.04,658909.35,166543.82,179285,164440.67,189385.91,699655.4,155158.24,155052.37,157385.82,167787.93,635384.37,131934.52,140401.98,152037.75,169497.81,593872.06,167626.31,157896.32,145211.84,179140.29,649874.75,162440.58,154124.44,151967.63,186881.59,655414.23,170918.62,166791.65,155269.67,181546.63,674526.57
Chicken,..Region IV-A (CALABARZON),68222,64253,70099,76928,279502,69601,64389.1,72826,78208,285024.1,74707,63692,73077,86882,298358,68721,65138,78093,90617,302569,69811,68610,70543,89578,298542,74447,73910,78926,94387,321670,73562.57,72672.17,83275.95,98919.16,328429.85,75420.62,77431.56,79593.17,96200.39,328645.74,75997.29,78803.18,80842.75,95296.92,330940.14,77325.21,80540.93,87012.33,98386.21,343264.69,80702.82,82443.43,72381.4,81658.53,317186.18,73953.22,87902.02,66405.01,71946.03,300206.28,76987.99,86190.43,69453.45,78726.68,311358.56,81056.37,93900.12,77208.56,86247.57,338412.61,90891.93,98718.58,90952.79,100265.08,380828.38
Chicken,..MIMAROPA Region,2310,1996,2432,2790,9528,2480,2071.08,2557,2896,10004.08,2822,2195,2964,2885,10866,2775,2030,2717,2875,10397,2782,1992,2631,2935,10340,2716,2050,2809,3068,10643,2541.29,2112.58,2684.01,2962.84,10300.72,2512.94,2082.74,2649.45,2909.29,10154.41,2542.07,2188.24,2975.13,3162.3,10867.74,2691.4,2296.1,2993.75,3192.37,11173.62,2701.79,2091.47,3122.27,2989.47,10905,2402.57,2154.61,3146.71,3763.8,11467.69,3125.09,2122.83,3760.74,4325.6,13334.28,4891.9,3084.65,3251,3781.55,15009.11,6714.04,4037.32,4094.83,6716.78,21562.98
Chicken,..Region V (Bicol Region),6206,6184,6514,6588,25492,6564.55,6569.62,6419.75,7413.66,26967.58,6694,7860,5733,7245,27532,7846,10539,6968,9114,34467,8765,11437,7187,9055,36444,9006.48,11721.43,8653,10661,40041.9,10075.85,11381.34,9340.68,11442.86,42240.73,10284.93,12021.68,10065.39,11595.27,43967.27,11219.21,12541.33,11085.82,12331.19,47177.55,12079.3,15141.39,14632.41,13031.02,54884.12,10939.92,10007.94,13672.94,11666.79,46287.59,15136.4,11433.1,11553.92,12542.57,50665.99,14522.31,15588.27,15993.2,11194.22,57298.01,13884.5,17597.36,15746.84,13167.74,60396.44,13508.51,18543.73,14454.73,13787.54,60294.51
Chicken,..Region VI (Western Visayas),18896,18570,19772,22378,79616,21227.6,19688.87,20538,24181,85635.47,22868,21236,21526,25191,90821,25032,23213,22825,23757,94827,21441,19532,20477,22886,84336,22988.7,20706.63,22335,23880,89910.33,24046.52,22203.56,24498.55,25086.14,95834.77,26234.46,24923.85,24513,28146.51,103817.82,27335.39,26051.13,26956.26,29668.76,110011.54,28420.95,27928.68,30612.31,30476.67,117438.62,28992.35,28852.66,29018.47,30155.89,117019.37,29470.2,29534.11,30871.77,30366.09,120242.18,28898.32,30688.96,34639.84,31713.77,125940.88,31567.71,32215.12,32840.81,35302.02,131925.65,34621.4,32800.08,34949.88,38395.47,140766.83
Chicken,..Region VII (Central Visayas),21353,18260,17552,21342,78507,22774,19362.18,19102,23020,84258.18,23691,20757,19605,23361,87414,23390,20753,20686,23504,88333,24243,21711,21330,24930,92214,25140,23749,23592,25135,97616,25907.61,23572.92,24092.18,26170.24,99742.96,26097.21,25790.11,26178.02,26779.87,104845.2,28076.35,27723.09,28280.53,31034.22,115114.18,30882.65,28523.09,28561.34,30660.76,118627.83,31368.18,24002.23,23685.8,29648.36,108704.57,17499.58,25642.86,23846.85,32372.09,99361.38,20317.13,26382.78,32477.69,27288.55,106466.14,20822.36,29666.34,29714.5,34215.75,114418.96,31836.64,38431.55,35206.21,41622.28,147096.69
Chicken,..Region VIII (Eastern Visayas),8958,10825,10908,12588,43279,9327.01,9704.13,10799.29,11845.44,41675.87,9516,8857,9973,11980.4,40326.4,9985,8263,9137,8075,35460,7243,6509,8862,7808,30422,5705,6176,9176,7290,28347,8996.14,7216.11,8930.5,11151.06,36293.82,10487.12,13734.37,12092.3,13005.65,49319.44,12021.49,13096.65,14279.83,15602.27,55000.24,13828.84,17335.07,14484.59,16673.18,62321.68,14258.5,14038.05,12930.83,15360.42,56587.8,14586.57,14266.23,13815.73,15069.75,57738.28,13041.91,14089.19,14133.29,12815.91,54080.3,13881.07,15872.28,17244.03,20684.78,67682.16,16073.55,18259.62,20295.13,22405.83,77034.14
Chicken,..Region IX (Zamboanga Peninsula),7668,6371,5527,5908,25474,7735,7312.11,6377,6804,28228.11,7454,5781,6122,6038,25395,6210,7337,5709,7444,26700,6500,7176,5765,7051,26492,6956,7570,5850,7450,27826,6875.76,8654.75,7086.82,7586.19,30203.51,7320.91,8771.94,7478.47,8414.93,31986.25,6913.59,9314.46,7422.16,10586.15,34236.37,7610.54,10507.52,8405.74,9952.21,36476.01,8174.39,9365.8,8048.32,10259.16,35847.67,8358.06,10086.58,11421.91,9822.04,39688.59,9812.84,8595,7919.26,10003.7,36330.81,7951.58,9745.9,9507.09,10800.49,38005.05,9039.43,10220.95,9953.79,11240.87,40455.04
Chicken,..Region X -(Northern Mindanao),29070,28846,25807,35066,118789,31048.28,30193.2,29380.02,37308.02,127929.52,32430,30668,28102,38884,130084,33381,31720,29127,41729,135957,34340,33355,30420,42407,140522,35532.16,34226.32,32159.03,44111.13,146028.65,37692.91,35549.37,33203.28,46355.94,152801.5,39938.7,36658.39,34481.88,48006.57,159085.55,40388.65,37465.15,36427.21,50391.32,164672.34,41936.1,37753.54,38100.85,52230.03,170020.52,44106.44,39810.9,35441.96,51572.32,170931.62,38333.72,36918.3,36048.85,51844.41,163145.28,43668.02,40532.8,42652.43,50292.03,177145.27,44216.2,39083.9,40768.81,54333.92,178402.83,46166.78,40649.17,41205.54,55356.16,183377.65
Chicken,..Region XI (Davao Region),15195,14074,14255,17217,60741,15534,14371,14399,18373,62677,15629,15329,15452,17817,64227,15340,15525,17107,19409,67381,16442,16486,15450,20046,68424,17512,18689,17466,19915,73582,16741.86,17536.85,16590.28,21138.21,72007.2,16648.08,16354.25,17467.68,21288.04,71758.06,15615.29,18734.03,19235.74,22756.25,76341.31,19427.92,20842.74,19667.35,21151.68,81089.7,18271.55,17501.88,18998.77,19607.84,74380.04,11517.39,18214.66,21167.45,19345.72,70245.22,12802.8,19228.28,25121.57,19531.89,76684.55,20640.66,18794.16,23913.11,21260.42,84608.34,22045.48,25958.79,23713.71,22081.17,93799.14
Chicken,..Region XII (SOCCSKSARGEN),8136,8476,8321,8814,33747,9165,10094.95,9824,10314,39397.95,10306,10011,11175,11511,43003,10881,12010,10023,12325,45239,11853,12530,11117,12470,47970,11125,11913.22,11551,12553,47142.22,10684.26,12605.11,13019.59,13534.91,49843.88,12341.52,13811.89,12427.63,14821.49,53402.53,13854.5,15820.75,15952.91,16287.81,61915.98,16389.01,16020.9,16543.83,16609.73,65563.46,17661.26,16249.75,17750.76,19547.16,71208.93,16307.92,18573.88,19279.32,21871.14,76032.26,22795.78,23335.84,24263.33,22249.47,92644.43,23255.02,22044.86,20682.37,21810.28,87792.53,23506.28,21505,22338.5,20636.08,87985.85
Chicken,..Region XIII (Caraga),3743,3021,2429,2411,11604,3283,3040.35,2631,2304,11258.35,3001,2586,2314,2118,10019,2811,2957,2988,3145,11901,3279,3534,3180,3171,13164,3635.76,3536.78,3007.75,3072.52,13252.82,3580.08,3365.75,3257.4,3660.96,13864.19,4013.53,3115.8,3776.54,3684.93,14590.8,3987.73,4066.2,4073.7,4149,16276.63,3774.41,3987.51,3532.35,4219.14,15513.4,3782.52,3681.81,3746.01,4201.22,15411.55,3860.73,3270.93,3755.32,3681.41,14568.38,3354.1,3666.54,3666.87,3480.87,14168.37,4131.78,4130.55,4473.08,3993.7,16729.11,4109.08,4495.75,4330.9,4470.42,17406.14
Chicken,..BANGSAMORO AUTONOMOUS REGION IN MUSLIM MINDANAO (BARMM),1630,1112,1872,1834,6448,1607,1023.5,1923,1910,6463.5,1399,1083,1541,1794,5817,1412,943,1574,1922,5851,1167,1016,1386,1858,5427,1114,1144,1348.13,1753.03,5359.16,1389.17,826.94,1088.06,1639.05,4943.22,1446.43,815.97,1085.89,1499.63,4847.93,1448.95,912.09,1095.69,1639.39,5096.13,1492.24,966.59,956.13,1745.82,5160.77,1708.37,1207.77,968.56,1749.67,5634.38,843.96,1125.47,1149.13,2316.79,5435.35,1236.99,1197.37,1100.43,2391.36,5926.16,1553.94,1501.81,1268.58,2966.85,7291.18,2050.46,1698.21,1547.77,3144.48,8440.92
Chicken eggs,PHILIPPINES,94559,99070,95006,98700,387335,99227,101140.16,98428.86,104636.67,403432.69,106096.81,107047.82,103546.46,104365.51,421056.6,107744,110838,106029,103075,427686,105201,104243,97933,108275,415652,111824,107848,107631.06,117247,444550.06,117842,114700,112968,116209,461719,121535,121453,121627,127791,492406,130549,131095,133717,138544,533905,142011,141451,145544,154228,583234,148171.46,148453.11,154294.82,154866.77,605786.16,152050.78,167934.38,166823.16,174582.18,661390.51,170967.7,185581.33,176959.05,174991.54,708499.62,175726.87,181740.23,185255.41,188639.3,731361.82,179883.17,198286.71,197406.4,207202.39,782778.67
Chicken eggs,..National Capital Region (NCR),0,0,0,0,0,0,0,0,0,0,0,0,0,0,0,0,0,0,0,0,0,0,0,0,0,0,0,0,0,0,0,0,0,0,0,0,0,0,0,0,0,0,0,0,0,0,0,0,0,0,0,0,0,0,0,10.8,5.55,1.06,0.07,17.49,0,0,0,0,0,0,0,1.6,0,1.6,26.95,22.44,12.07,5.48,66.94
Chicken eggs,..Cordillera Administrative Region (CAR),727,701,691,764,2883,678,726,617,810,2831,743.37,719.15,625,791.59,2879.11,768,859,735,836,3198,740,856,755,941,3292,888,965,768,985,3606,854,890,794,967,3505,737,854,874,932,3397,906,1058,1025,947,3936,811,1073,1045,1143,4072,976.22,1189.12,1197.79,1244.81,4607.94,1122.61,1456.01,1205.78,1108.06,4892.46,1316.14,1387.15,1154.86,1293.39,5151.54,1305.93,1442.7,1239.29,1153.58,5141.5,1240.85,1192.05,1039.84,967.06,4439.8
Chicken eggs,..Region I (Ilocos Region),4371,4432,3688,4284,16775,4076,4299,3896,4191,16462,4093.06,4215.75,3734,4193.08,16235.88,3968,3296,2947,3656,13867,3290,3152,2998,3345,12785,3351,3278,3413,4045,14087,3964,3279,3274,3564,14081,3743,3532,4322,4668,16265,4768,4372,4662,4786,18588,5089,4649,4843,4997,19578,5250.67,4848.34,5436.75,5694.13,21229.89,5534.44,5134.44,5081.17,4831.52,20581.58,5019.78,4900.75,5379.92,5802.35,21102.79,4986.82,4822.29,5011.68,4692.18,19512.97,4576.05,5191.85,5894.59,6816.81,22479.3
Chicken eggs,..Region II (Cagayan Valley),1912,2463,2280,1841,8496,2007,1962,2123,2100,8192,1973.97,2139.91,2481.97,2288.33,8884.18,2438,2443,2707,2655,10243,2947,3089,2861,2924,11821,2971,2926,2958,3096,11951,3114,3181,2940,3070,12305,3165,3418,3177,3227,12987,3366,3679,3599,3687,14331,3763,3795,3652,3577,14787,3669.48,3615.92,3472.51,3437.9,14195.81,3846.35,3954.02,3935.82,3522.44,15258.63,4369.44,4111.17,3714.09,3540.63,15735.32,3871.21,4106.25,3603.01,3259.54,14840,3728.53,4124.81,4364.36,4546.21,16763.92
Chicken eggs,..Region III (Central Luzon),18033,18419,19237,19834,75523,19893,18044.16,18925.86,20246.67,77109.69,21172.22,19840.03,19526,20347.51,80885.75,22812,21330,20327,21960,86429,24010,21043,19018,24232,88303,27295,21803,19210,22817,91125,25098,22311,22932,23223,93564,27133,23330,25148,26548,102159,27533,24950,26523,26232,105238,28090,28883,30674,30535,118182,30055.35,28587.42,33882.4,29741.9,122267.07,31748.99,33727.4,35969.85,34854.76,136301,36678.62,38222.29,33965.82,32864.65,141731.38,33816.86,33342.5,34105.27,35042.39,136307.02,34541.56,35075.02,32338.17,40188.31,142143.05
Chicken eggs,..Region IV-A (CALABARZON),26838,29140,28041,28077,112096,28065,30926,30342,31543,120876,32760.36,33624.61,32514,30878,129776.96,32140,33003,32646,30918,128707,32300,31169,28242,28931,120642,31813,31818,35211,35120,133962,36036,36839,35380,32019,140274,34189,37517,37075,36236,145017,39332,38370,40037,38578,156317,43857,41395,43213,46474,174939,45038.37,46326.67,47434.55,45947.28,184746.87,49352.45,56108.02,50400.83,53968.47,209829.77,55397.08,63480.52,54618.64,50925.81,224422.05,57708.79,59862.52,58532.72,57023.6,233127.63,57328.24,61168.94,62059.55,56217.86,236774.58
Chicken eggs,..MIMAROPA Region,1076,934,1051,1203,4264,1060,980,1084,1220,4344,1082,984.27,1056,1248,4370.27,1064,981,1032,1255,4332,1078,1038,1130,1491,4737,1278,1247,1347,1736,5608,1244,1269,1274,1614,5401,1157,1479,1410,1585,5631,1356,1514,2090,1652,6612,1577,1736,1882,1747,6942,1867.86,1731.85,2028.56,1809.64,7437.91,1593.5,2314.1,2419.75,2149.24,8476.6,1924.24,2455.66,2403.33,2495.65,9278.88,2249.21,2623.69,2649.58,2661.45,10183.93,2171.13,2475.98,2619.98,2665.04,9932.12
Chicken eggs,..Region V (Bicol Region),4586,4350,3590,3668,16194,4841,4442,3508,3863,16654,4849.83,4989.86,3966,3714,17519.69,5056,5399,4600,3792,18847,4335,4698,4457,3387,16877,3770,3334,3839,2893,13836,3494,3279,3371,3237,13381,3405,3247,3127,3011,12790,3554,3438,3251,3191,13434,3523,3698,3575,4040,14836,3755.64,3662.88,3660.25,3777.44,14856.21,3373.5,3819.14,4224.48,3682.21,15099.32,3418.36,4029.46,3915.59,3712.73,15076.14,3626.34,4627.26,4310.82,4432.3,16996.72,4241.87,4769.42,5649.89,4699.01,19360.19
Chicken eggs,..Region VI (Western Visayas),6741,6995,6770,7335,27841,7335,7283,7650,7830,30098,7621,7792.23,7834,8129,31376.23,7894,8514,9014,8136,33558,7698,7385,7719,8386,31188,8185,7604,7913,8473,32175,8451,7188,7533,8599,31771,8471,7252,7504,7728,30955,8042,8613,8602,9094,34351,8573,8820,9233,9313,35939,9055.8,8959.74,9400.9,9600.3,37016.74,9008.92,8908.1,9038.36,9586.39,36541.77,9710.95,9291.59,9336.29,8749.54,37088.37,9516.03,9708.72,10546.17,10244.19,40015.13,10986.51,11059.06,11974.06,11810.45,45830.08
Chicken eggs,..Region VII (Central Visayas),10115,9529,9664,9811,39119,9988,10140,10052,9975,40155,10439,10359.58,11196.39,9636,41630.97,10278,11506,10529,6287,38600,7312,7679,8845,9577,33413,10075,9775,10325,11473,41648,11978,11044,11586,11696,46304,12329,11536,12254,12449,48568,12988,12261,13021,13869,52139,13384,12855,14039,13585,53863,13461.11,13698.61,13447.02,14574.25,55180.99,14857.64,16487.92,18432.94,19657.59,69436.08,21554.54,21246.75,19138.24,19507.02,81446.55,20050.35,19971.35,18959.92,20218.86,79200.48,19548.09,23390.38,21636.35,24546.63,89121.46
Chicken eggs,..Region VIII (Eastern Visayas),1121,723,1074,455,3373,1075,619,1416,468,3578,759,638.19,1188.2,515,3100.39,659,587,1139,464,2849,431,386,937,461,2215,442,488,809,639,2378,560,509,723,717,2509,625,571,965,953,3114,904,1012,1124,1213,4253,1036,1110,1080,1321,4547,1263.32,1366.61,1539.05,1671.82,5840.8,1246.59,1485.15,1394.63,1580.47,5706.84,1530.41,1810.68,2073.03,1893.48,7307.6,2119.69,1457.72,1873.74,3270.03,8721.18,3776.56,3856.29,4687.32,5215.5,17535.67
Chicken eggs,..Region IX (Zamboanga Peninsula),2822,1978,2350,2534,9684,2676,2108,2352,2316,9452,2426,2119.16,1939.5,2115,8599.66,2557,2263,2001,1260,8081,2461,2378,2479,1658,8976,2642,2556,2725,2607,10530,2884,2421,2828,2922,11055,3210,2896,3133,3242,12481,2870,2962,3741,3946,13519,3669,4006,4064,4446,16185,4261.09,3987.01,4358.52,4275.83,16882.45,3726.27,4645.2,4434.23,4717.93,17523.62,3510.41,4534.94,4569.87,4639.79,17255.01,3209.73,4648.88,4474.31,4241.65,16574.56,4553.73,5162.74,4838.9,4710.84,19266.22
Chicken eggs,..Region X -(Northern Mindanao),7628,9704,7122,10080,34534,8321,9817,7255,11239,36632,8633,10268.47,7503,11493,37897.47,8771,11215,7828,12016,39830,9022,11562,7927,12294,40805,9063,11876,8193,12709,41841,9831,12033,8236,12984,43084,10512,12283,9437,13481,45713,10959,13081,9602,14146,47788,11486,13196,9976,14546,49204,11859.43,13837.54,10904.6,15491.81,52093.38,10206.88,12841.22,13614.27,17317.88,53980.25,10200.09,12383.78,17921.63,19158.52,59664.01,13805.91,15939.5,20136.14,21885.78,71767.33,13849.51,19088.32,19303.27,23313.16,75554.26
Chicken eggs,..Region XI (Davao Region),5107,6226,5321,4810,21464,5755,6264,4961,5275,22255,5969,5626.11,5785,5453,22833.11,6149,5601,5950,5609,23309,6084,5753,6113,6113,24063,6200,6164,6384,6071,24819,6294,6118,6517,6566,25495,6784,6727,6249,6647,26407,5834,6314,7116,6859,26123,8364,7077,8185,8025,31651,7909.24,7416.24,7610.05,7198.12,30133.65,7311.14,7692.12,7371.88,7421.39,29796.53,6304.03,7383.01,8367.53,9094.45,31149.03,7607.03,7632.6,8412.36,9156.13,32808.12,7585.39,7839.53,8821.58,9066.19,33312.7
Chicken eggs,..Region XII (SOCCSKSARGEN),1967,1963,2553,2491,8974,2215,2071,2677,2361,9324,2248,2067.01,2607,2271,9193.01,2198,2045,2642,2224,9109,2239,2082,2461,2225,9007,2074,1887,2396,2112,8469,2127,2279,3489,2966,10861,4321,4718,4829,4921,18789,5783,6756,6482,6825,25846,6402,6723,6945,7075,27145,7124.2,6328.37,6513.53,7046.56,27012.66,6627.58,6506.68,6173.6,6538.1,25845.96,6881.05,7190.75,6782.42,7272.18,28126.4,8233.1,8704.13,8261.43,7969.99,33168.65,8515.62,10650.27,8780.16,8608.33,36554.38
Chicken eggs,..Region XIII (Caraga),461,617,541,706,2325,464,580,559,704,2307,542,639.2,575.62,744,2500.82,582,842,838,960,3222,816,1037,922,1277,4052,979,1217,1195.06,1424,4815.06,1162,1225,1192,1179,4758,1047,1249,1222,1316,4834,1672,1897,1951,2654,8174,1685,1740,2230,2362,8017,1827.52,2163.1,2491.53,2008.05,8490.2,1696.04,2086.16,2277.43,2708.14,8767.77,2338.55,2638.95,2832.47,3103.04,10913,2821.68,2356.59,2292.46,2394.58,9865.31,2373.06,2707.01,2505.21,2796.48,10381.77
Chicken eggs,..BANGSAMORO AUTONOMOUS REGION IN MUSLIM MINDANAO (BARMM),1054,896,1033,807,3790,778,879,1011,495,3163,785,1024.29,1014.79,549,3373.08,410,954,1094,1047,3505,438,936,1069,1033,3476,798,910,945,1047,3700,751,835,899,886,3371,707,844,901,847,3299,682,818,891,865,3256,702,695,908,1042,3347,796.16,733.7,916.81,1346.93,3793.6,787.06,763.16,847.09,937.52,3334.82,814.01,513.9,785.32,938.31,3051.54,798.19,493.55,844.9,993.04,3129.69,839.54,512.59,881.08,1029.03,3262.24
,,,,,,,,,,,,,,,,,,,,,,,,,,,,,,,,,,,,,,,,,,,,,,,,,,,h,,,,,,,,,,,,,,,,,,,,,,,,,
